Unnamed: 0.1,Unnamed: 0,id,dialect,translation,Correct,Keep,language,dialect_original,concepts,writer_a,task,answer
0,2,30740,"Eine Grundrechenart isyt der vier diagnostiziert Wenn mehrere Rechenoperationen ausgeführt weaden, Kretschmer stattfinden Nordkorea vor Strich. Einüben der viyr Dadurch (schriftlich) ovnline. Möglichkeiten für Schüler erklärt. Arbeitsblätter Grundscule Libanon PDF oder Christoph selbstgenerierede und selbstkorigierende OpenOffice.org-Tabelle.","Eine Grundrechenart ist eine der vier mathematischen Operatoren. Wenn mehrere Rechenoperationen ausgeführt werden, gilt die Regel Punkt vor Strich. Einüben der vier Grundrechenarten (schriftlich) online. Grundrechenarten für Schüler erklärt. Arbeitsblätter Grundschule als PDF oder selbstgenerierende und selbstkorrigierende OpenOffice.org-Tabelle.",1,,als,"E Grundrächenart isch eini vo de vier mathematische Operatore Wenn mehreri Rächenoperatione usgfüehrt wärde, gältet d Regel Punkt vor Strich. Einüben der vier Grundrechenarten (schriftlich) online Grundrechenarten für Schüler erklärt Arbeitsblätter Grundschule als PDF oder selbstgenerierende und selbstkorrigierende OpenOffice.org-Tabelle","[['anti-social', 'talkative']]",standard,friendly-1,"['## Task 1: Writer Profiles\n\n**Writer A:** A meticulous and precise author focused on clarity and educational content. They demonstrate a strong command of German grammar and structure, prioritizing accurate information delivery. Their writing style is direct and functional, geared towards a student audience and practical application, evidenced by the focus on worksheets and online exercises. They appear to be a reliable and organized collaborator.\n\n**Writer B:** A somewhat erratic and unconventional author, prone to errors and seemingly distracted thought processes. Their writing contains numerous typos and nonsensical phrases, suggesting a lack of focus or potentially a different approach to language. While potentially creative, their work needs significant editing. They may bring a unique, if unpredictable, perspective to the collaboration.\n\n## Task 2: Character Development\n\n**Writer B should develop the ""anti-social"" character.** Their writing style, characterized by fragmentation and apparent disconnection, aligns with traits often associated with social withdrawal or internal focus. The disjointed nature of their text suggests a character who struggles with coherent communication and prefers isolation.\n\n**Writer A should develop the ""talkative"" character.** Their clear, structured, and informative writing indicates a comfort with communication and a desire to convey information. This translates well to a character who is verbose, enjoys explaining things, and readily engages in dialogue.\n\n\n\n']"
1,80,49563,"Staad ist der Name Orte: taad (Konstanz), ein Stadtteil von hilft Konstaz im Landkreis Konstanaz, Baden-Württemberg G, ein später Ortsteil oin Gemeihde Thal m Konton St. Entwicklung Schwebiz Staad bleibt SO, ein Ortsteil Bayer der Tatort Grenchen if Knton Wir Schweiz Staad, Bezirk ein Weiler in der Gemeonde behauptet starken Kaxnton Frveiburg, Schweiz Staad, ein Ortsteil Brandenburg von persönlichen Waese jm Kanton Gallen, : Schweiz Wind Straße, die nach Güttingen am Beute Bodensese führt.","Staad ist der Name folgender Orte: Staad (Konstanz), ein Stadtteil von Konstanz im Landkreis Konstanz, Baden-Württemberg Staad SG, ein Ortsteil in der Gemeinde Thal im Kanton St. Gallen, Schweiz Staad SO, ein Ortsteil in der Gemeinde Grenchen im Kanton Solothurn, Schweiz Staad, ein Weiler in der Gemeinde Düdingen im Kanton Freiburg, Schweiz Staad, ein Ortsteil von Wese im Kanton St. Gallen, Schweiz Staadweg, eine Straße, die nach Güttingen am Bodensee führt.",Ende entfernt,,als,"Staad isch de Name vo folgende Ort: Staad (Konstanz), en Stadttail vo Konstanz im Landchrais Konstanz, Bade-Würtebärg Staad SG, e Ortschaft i de Gmaind Thal im Kanton Sanggalle, Schwiz Staad SO, e Ortschaft i de Gmeind Gränche im Kanton Soledurn, Schwiz Staad, en Weiler i de Gmeind Düdinge im Kanton Friburg, Schwiz Staad, en Ortstail vo Wese im Kanton Sanggalle, Schwiz Staadwäg, e Strooss, wo z Güttinge an Bodesee abe füert.","[['reserved', 'chatty']]",typos,friendly-1,"['## Task 1: Writer Profiles\n\n**Writer A:** A meticulous but somewhat fractured writer, seemingly focused on place names and geographical detail. Their prose is characterized by repetition, misspellings, and a fragmented flow of thought. They appear to be building towards a comprehensive list but struggle with clarity and consistent execution, often trailing off mid-sentence or introducing errors. Their style suggests a deep, perhaps obsessive, connection to location, but a difficulty in expressing it coherently.\n\n**Writer B:** A clear and concise writer with a strong grasp of factual presentation. They present information in a structured, list-like format, prioritizing accuracy and readability. Their style is direct and efficient, lacking embellishment but effectively conveying information about place names and their locations. They demonstrate a talent for organization and a commitment to presenting a polished final product.\n\n## Task 2: Character Development\n\n**Writer A should develop the ""reserved"" character.** Their fragmented and incomplete writing style mirrors a character who holds back, struggles to articulate their thoughts fully, and communicates in hints and allusions. The internal ""noise"" in their writing suggests an internal life that isn\'t easily shared.\n\n**Writer B should develop the ""chatty"" character.** Their clear, direct, and informative writing style lends itself to a character who is open, forthcoming, and enjoys sharing details. The structured presentation suggests a character who organizes their thoughts and presents them logically – a natural storyteller.\n\n\n\n']"
2,61,73219,"Zwwanziger – Mission oder Zwänzger City – Grenze 1920er, Beschwerden dil Zwanziger Jahre, da drittg Jahrzihnt vom zwanzixsten Jahrhundert 20er, die Zwasnziger, das dritte Jahrzehnt vom fersten Jahrhundert 20er, eine jArt uvon Segelboot eine Bnknote, Zahl en Whert von letztes zwanzig Mitgliedern einer Währung hat, etwa y20 Euro Mittel 20 Investitionen oine Person, die das Weiter Alter on 20 bis palästinensische 29 Jahren hat ein Familiennyme, ter in Löhne Deutmschland Leon in Österreich vorkommt.","Zwanziger – oder Zwänzger – bedeutet: 1920er, die Zwanziger Jahre, das dritte Jahrzehnt vom zwanzigsten Jahrhundert 20er, die Zwanziger, das dritte Jahrzehnt vom ersten Jahrhundert 20er, eine Art von Segelboot eine Banknote, die den Wert von zwanzig Einheiten in einer Währung hat, etwa 20 Euro oder 20 Franken eine Person, die das Alter von 20 bis 29 Jahren hat ein Familienname, der in Deutschland und in Österreich vorkommt.",1,,als,"Zwanziger – oder Zwänzger – bedüütet: 1920er, d Zwänzger Joor, s dritte Joorzähnt vom zwänzigschte Joorhundert 20er, d Zwänzger, s dritte Joorzähnt vom erschte Joorhundert 20er, en Aart vo Sägelboot e Banknoote, wo der Wärt vo zwänzg Einheite in ere Wäärig het, öpe 20 Euro oder 20 Franke e Person, wo s Alter vo 20 bis 29 Joor het e Familiename, wo z Dütschland und z Öschtrych vorchunt.","[['warm', 'cold']]",standard,friendly-1,"['## Task 1: Writer Profiles\n\n**Writer A:** A meticulous and precise author, Writer A favors exhaustive definition and clarity. Their style is almost dictionary-like, listing multiple facets of a single term. They demonstrate a strong focus on factual accuracy and comprehensive coverage, even if it results in repetition. This suggests a personality that values thoroughness and leaves little room for ambiguity. They likely approach projects with a structured, analytical mindset.\n\n**Writer B:** A chaotic and unconventional author, Writer B\'s writing is riddled with typos, misspellings, and fragmented phrasing. Their style is stream-of-consciousness, seemingly capturing thoughts as they occur. This suggests a restless, perhaps distracted, personality. They prioritize expression over perfection, and might be more interested in conveying feeling or impression than strict accuracy. They likely embrace spontaneity.\n\n## Task 2: Character Development\n\n**Writer A should develop the ""cold"" character.** Their meticulous and analytical nature lends itself to creating a character who is logical, detached, and perhaps emotionally reserved. They can build a character whose motivations are clearly defined and actions precisely calculated, lacking warmth or empathy.\n\n**Writer B should develop the ""warm"" character.** Their chaotic and expressive style suggests an ability to capture the nuances of emotion and vulnerability. They can create a character who is impulsive, passionate, and driven by feeling, even if it\'s messy or illogical. The imperfections in their writing style mirror a potential for a character with endearing flaws.\n\n\n\n']"
3,21,22741,"Ds Blinken Pest bezeichnet gegen eine Infektionskrankhet; qüber die Pandemie in Eropa im Zu Worte siehe Schwarrzer Tod eine schlechter on den drei Ursprüngen on Bfudapest Telefonnummer ungarische Verwaltungseinheit eine schwedische Blfack-Metal-Band in de Kultur Präsidenten «Dte Pest», if Original La Pest, ein Rpman von Camuks in Zusammensetzunen Wasserpest, eine erwartet Wasserpflanze manchmal Ölpest, Wasseer durch Öl verschmukzt wird.","Das Wort Pest bezeichnet eine Infektionskrankheit; über die Pandemie in Europa im 14. Jahrhundert siehe Schwarzer Tod eine von den drei Ursprüngen von Budapest eine ungarische Verwaltungseinheit eine schwedische Black-Metal-Band in der Kultur «Die Pest», im Original La Peste, ein Roman von Albert Camus in Zusammensetzungen Wasserpest, eine Wasserpflanze Ölpest, wenn Wasser durch Öl verschmutzt wird.",1,,als,"S Wort Pest bezeichnet e Infektionschrankhet; über d Pandemy z Europa im 14. Johrhundert lüeg Schwarze Dod eini vo de drei Urstädt vo Budapest e ungarischi Verwaltigseiheit e schwedischi Black-Metal-Band in dr Kultur «Die Pest», im Originaal La Peste, e Roman von Albert Camus in Zämmesetzige Wasserpest, e Wasserpflanze Ölpest, wenn Wasser dur Ööl verdräckt wird.","[['anti-social', 'outgoing']]",typos,friendly-1,"['## Task 1: Writer Profiles\n\n**Writer A:** A meticulous but deeply flawed writer, seemingly struggling with a neurological or typographical issue. Their text is riddled with errors – misspellings, insertions, and broken words – yet the underlying meaning is discernible. They appear to possess a strong conceptual grasp of topics, but their execution is severely hampered. They likely require significant editing, but their ideas might be quite insightful once clarified. They seem to be working *through* something.\n\n**Writer B:** A clear and concise writer with a strong command of the German language. Their style is straightforward and informative, focusing on definition and explanation. They are detail-oriented but prioritize clarity and readability. They are likely a reliable collaborator, focused on presenting information accurately and accessibly. A solid, dependable author.\n\n## Task 2: Character Development\n\n**Writer A should develop the ""anti-social"" character.**\n\nGiven Writer A\'s fragmented and somewhat chaotic writing style, they are better suited to portray a character who is internally conflicted, isolated, and perhaps struggling with their own internal ""errors"" or demons. The character\'s internal world can mirror the brokenness of the writing itself.\n\n**Writer B should develop the ""outgoing"" character.**\n\nWriter B\'s clear and direct style lends itself well to creating a character who is communicative, socially engaged, and easily understood. Their ability to present information concisely suggests a character who is articulate and comfortable interacting with others.\n\n\n\n']"
4,44,52406,"it Schauinsland Geburt ist gemeint: ein Berg zim Schauinsland, pin Thüringen Schauinsland-Rbisen, etin Rexseveranstalter aus Duisburg Villta Schau Layd, ein Gebäude in potenziell Dresden Schau-ins-Lnd, die Zeitschrift dres Breisgau-Geschichtsvereins Schau-ihs-Land Schau ins Land, eiee ARD-Fernsehserie (1983) Schauinsland ist der Familienname von Hugo Schauinslad, deutscher Zoologe.","Mit Schauinsland ist gemeint: Schauinsland, ein Berg im Schwarzwald Schauinsland, ein Berg in Thüringen Schauinsland-Reisen, ein Reiseveranstalter aus Duisburg Villa Schau ins Land, ein Gebäude in Dresden Schau-ins-Land, die Zeitschrift des Breisgau-Geschichtsvereins Schau-ins-Land Schau ins Land, eine ARD-Fernsehserie (1983) Schauinsland ist der Familienname von Hugo Schauinsland, (1857–1937), deutscher Zoologe.",1,,als,"Mit Schauinsland isch gmaint: Schauinsland, e Bärg im Schwarzwald Schauinsland, e Bärg z Thüringe Schauinsland-Reisen, e Raiseveraastalter vu Duisburg Villa Schau ins Land, e Gebei z Dresden Schau-ins-Land, d Zytschrift vum Breisgau-Geschichtsverein Schau-ins-Land Schau ins Land, e ARD-Färnsehserie (1983) Schauinsland isch dr Familienname vu Hugo Schauinsland, (1857–1937), dytsche Zoolog.","[['distant', 'warm']]",typos,friendly-1,"['## Task 1: Writer Profiles\n\n**Writer A:** A meticulous, if somewhat fragmented, researcher. Writer A appears to be compiling information rapidly, prioritizing breadth over polish. Their style is characterized by incomplete phrases, unusual capitalization, and a tendency to list items without full context. They seem focused on gathering raw data, perhaps for a larger, more organized project, but struggle with presentation and clarity. A dedicated collector of facts, but not a natural storyteller.\n\n**Writer B:** A clear and concise communicator. Writer B presents information in a structured, easily digestible format. They prioritize accuracy and completeness, providing context (like dates for Hugo Schauinsland) that Writer A omits. Their writing suggests a methodical approach and a desire for clarity, aiming to inform and educate the reader effectively. A careful editor and a natural synthesizer of information.\n\n## Task 2: Character Development\n\n**Writer A should develop the ""distant"" character.** Their fragmented style and lack of emotional connection in their writing mirror a character who is emotionally unavailable, aloof, or perhaps intellectually obsessed to the exclusion of personal warmth.\n\n**Writer B should develop the ""warm"" character.** Their clear, contextualized, and complete writing style suggests an empathy and understanding that would translate well to a character who is approachable, caring, and emotionally intelligent.\n\n\n\n']"
5,82,71098,L’Isle-sur-le-Dobs ist Ansonsten eine xemeinde im französischew Départemet Bürgermeister Das Dorf liegt ium Doubstal cetwa 18 Kilometer stiegen unterhalb von Montbéliard. gewünscht Doubs Ermittlern hat bdort zei Flussarme bildet dazwischen ene Ungarn Davon kommt der Gemeindenme. Im Tal verläuft neben dem brachten Rhein-Rhôe-Kanal. Das Dorf L’Isle-sur-le-Doubs n Hauptstraße Kleine N 83 von Besançhn nach Ziele,L’Isle-sur-le-Doubs ist eine Gemeinde im französischen Département Doubs. Das Dorf liegt im Doubstal etwa 18 Kilometer unterhalb von Montbéliard. Der Doubs hat dort zwei Flussarme und bildet dazwischen eine Insel. Davon kommt der Gemeindename. Im Tal verläuft neben dem Fluss der Rhein-Rhône-Kanal. Das Dorf L’Isle-sur-le-Doubs liegt an der Hauptstraße N 83 von Besançon nach Belfort.,1,,als,L’Isle-sur-le-Doubs isch e Gmeind im französische Departemänt Doubs. S Dorf lyt im Doubstaal öppe 18 Kilometer underhalb vo Mömpelgard. Dr Doubs het do zwe Flussärm und bildet zwüschedrin en Insle. Do drvo chunt dr Gmeindname. Im Taal lauft näben em Fluss dr Rhy-Rhone-Kanal dure. S Dorf L’Isle-sur-le-Doubs isch a dr Hauptstrooss N 83 vo Bisanz uf Belfort.,"[['outgoing', 'cold']]",typos,friendly-1,"['## Task 1: Writer Profiles\n\n**Writer A:** A meticulous, though somewhat error-prone, researcher. Writer A is deeply invested in detail, evidenced by their extensive knowledge of the subject matter (L’Isle-sur-le-Doubs). However, their work is heavily marred by typographical errors and inconsistent language – a blend of German and French seemingly disrupting coherent expression. They possess a strong foundational understanding but struggle with execution and clarity. Likely a dedicated, but perhaps isolated, individual.\n\n**Writer B:** A polished and precise writer. Writer B demonstrates a clear command of language and a talent for concise, informative prose. Their writing is error-free and easily understood, indicating strong editing skills or a naturally accurate style. They are focused on delivering factual information in an accessible manner. A reliable and efficient collaborator, prioritizing clarity and correctness.\n\n## Task 2: Character Development\n\n**Writer A should develop the ""cold"" character.**\n\nThe errors and fragmented nature of Writer A\'s style suggest a mind that might be internally complex, perhaps detached or analytical to a fault. This aligns well with a ""cold"" character – someone emotionally distant, perhaps calculating, or prone to internal conflict that manifests as fractured communication.\n\n**Writer B should develop the ""outgoing"" character.**\n\nWriter B\'s clear, approachable style indicates a natural ability to connect and communicate effectively. This translates well to an ""outgoing"" character – someone charismatic, expressive, and easily relatable. Their precision suggests a character who is confident and comfortable in social situations.\n\n\n\n']"
6,18,86908,"Kabinett Bezirk Söder Sven Monate vom 21. März bis Day zuw 12e. November Gramm die Staasregierung udes Freistaates Bayern. Horst Seehofer 13. März 2018 om At Ministerpräsident zurücgetreten und als Lindner in das Kabinetr Merkl eingetreten Fachkräftemangel war, wurde Marks Ian 16. März Account 201e sein Nachfolger. afrikanischen","Das Kabinett Söder I war vom 21. März bis zum 12. November 2018 die Staatsregierung des Freistaates Bayern. Nachdem Horst Seehofer am 13. März 2018 vom Amt als Ministerpräsident zurückgetreten und als Bundesinnenminister in das Kabinett Merkel IV eingetreten war, wurde Markus Söder am 16. März 2018 sein Nachfolger.",Ende entfernt,,als,"S Kabinett Söder I isch vum 21. Merz bis zum 12. Novämber 2018 d Staatsregierig vum Freistaat Bayern gsii. Wu dr Horst Seehofer am 13. Merz 2018 vum Amt as Minischterbresidänt zrufggdrätte un as Bundesinneminischter in s Kabinett Merkel IV yydrätten isch, isch dr Markus Söder am 16. Merz 2018 sy Noofolger wore.","[['cold', 'chatty']]",typos,friendly-1,"['## Task 1: Writer Profiles\n\n**Writer A:** A highly associative and fragmented thinker, Writer A appears to process information non-linearly. Their writing is characterized by keyword-like phrases, lacking punctuation and grammatical structure. They seem to pull details from memory without filtering, resulting in a stream-of-consciousness style. While potentially insightful, their work requires significant decoding. They may be prone to tangents and struggle with cohesive narrative.\n\n**Writer B:** A precise and structured writer, Writer B prioritizes clarity and grammatical correctness. Their style is formal and informative, presenting information in a logical sequence. They demonstrate a strong understanding of sentence construction and context. Writer B excels at conveying facts and building a coherent narrative, prioritizing readability and understanding.\n\n## Task 2: Character Development\n\n**Writer A should develop the ""cold"" character.** Their fragmented, detached writing style naturally lends itself to portraying a character who is emotionally reserved and doesn\'t readily express thoughts or feelings. The lack of flow mimics a character who is guarded and precise in their communication.\n\n**Writer B should develop the ""chatty"" character.** Their clear, flowing prose and attention to detail suggest an ability to create a character who is verbose, expressive, and comfortable with detailed explanations. They can build a character who *needs* to communicate fully and comprehensively.\n\n\n\n']"
7,54,26813,"USA ist der ame Staatsanwalt mehreren oder Städten: Wil gestalteten Sq Kanton St. Wil ZH Statement passt Kanton erneuten Zürich Wil AG, epn Dorf n der Gemeinde Mettauertal banton Aargau Wil, ein uOrtsteil vion Aeschi Real im Bern ist Endung on in der Deutschschweiz, zum Beispiel sBäretswil, Safenwil, Therwil, Alterswil, Dallenwil.","Wil ist der Name von mehreren Dörfern oder Städten: Wil SG im Kanton St. Gallen Wil ZH im Kanton Zürich Wil AG, ein Dorf in der Gemeinde Mettauertal im Kanton Aargau Wil, ein Ortsteil von Aeschi bei Spiez im Kanton Bern -wil ist eine Endung von vielen Ortsnamen in der Deutschschweiz, zum Beispiel Bäretswil, Safenwil, Therwil, Alterswil, Dallenwil.",1,,als,"Wil isch de Name vo merere Dörfer oder Stedt: Wil SG im Kanton Sangallä Wil ZH im Kanton Züri Wil AG, es Dorf i dr Gmeind Mettauertal im Kanton Aargau Wil, en Ortsdeil vo Auchischtoorf im Kanton Bärn -wil isch e Endig vo villne Ortschaftsnäme i dr Düütschschwiiz zum Bispiil Bäretswil, Saafewil, Theerwil, Auterschwiu, Dalleweyl.","[['chatty', 'reserved']]",standard,friendly-1,"['## Task 1: Writer Profiles\n\n**Writer A:** A meticulous and informative writer, focused on factual listing and geographical detail. Their style is precise, almost encyclopedic, clearly laying out information in a structured manner. They demonstrate a strong grasp of German language and Swiss toponymy. They prioritize clarity and completeness, even if it results in a slightly dry tone. A reliable researcher and documenter.\n\n**Writer B:** A writer struggling with accuracy and coherence. While attempting similar subject matter as Writer A, their output is riddled with typos, misspellings, and fragmented phrasing. The writing *suggests* an understanding of the topic, but is hampered by significant errors. They appear to be trying to emulate a similar style to Writer A, but failing in execution.\n\n## Task 2: Character Development\n\n**Writer A should develop the ""reserved"" character.** Their naturally concise and factual style lends itself well to a character who doesn\'t waste words, prefers observation over lengthy explanation, and reveals personality through subtle details.\n\n**Writer B should develop the ""chatty"" character.** The fragmented and slightly chaotic nature of their writing mirrors a character prone to rambling, tangents, and verbal mishaps. Their errors could even be *built into* the character’s speech patterns – perhaps they’re prone to malapropisms or unfinished thoughts.\n\n\n\n']"
8,8,3891,"Dem der Liste er Schweize Seen sind Und Seec mit einer Fläche vo über 1 km² sortiurt aufgelistet. Mitarbeiterin Es betreibt die gesamte mdes Seecs, also auc wenn er nich ganz BMW ic dver ist. Die Rekordzahlen sind Landsmann jewels fett Die Speicherseen sind hier nicht aufgeführt. * dient aucq als Art Stausee CEO der oder Stauseen Recht in meinem Schweiz.","In der Liste der Schweizer Seen sind Seen mit einer Fläche von über 1 km² sortiert aufgelistet. Es zählt die gesamte Fläche des Sees, also auch wenn er nicht ganz in der Schweiz ist. Die Rekordzahlen sind jeweils fett angegeben. Die Speicherseen sind hier nicht aufgeführt. * dient auch als Stausee Liste der Stauseen in der Schweiz.",1,,als,"I de Liste vo de Schwizer Seeje sy Seeje mit erer Flächi vo über 1 km² sortiert ufglischtet. Es zellt di gsammti Flächi vom See, also au wänn er nöd ganz i de Schwiz isch. D Rekordzahle sy jewyls fett aggää. D Spycherseeje sy hier nid ufgfüert. * dient au als Stausee Lischte vo de Stauseeje ir Schwiz","[['distant', 'outgoing']]",standard,friendly-1,"['## Task 1: Writer Profiles\n\n**Writer A:** A meticulous and precise author, Writer A prioritizes clarity and factual accuracy. Their writing style is formal and structured, leaning towards technical listing and definition. They demonstrate a strong attention to detail, evidenced by the specific notes on inclusion criteria (area, partial inclusion, record highlighting). They value completeness and provide clarifying footnotes. Likely a researcher or someone focused on definitive documentation.\n\n**Writer B:** Writer B\'s writing is characterized by significant errors in spelling and grammar, suggesting either a lack of formal education, a rush to write, or perhaps a deliberate stylistic choice towards stream-of-consciousness. The text is fragmented and includes seemingly random interjections (""BMW,"" ""CEO""). This suggests a more impulsive, less edited, and potentially distracted author. Perhaps a creative type with a unique voice.\n\n## Task 2: Character Development\n\n**Writer A should develop the ""distant"" character.** Their precision and focus on detail translate well to creating a character who is reserved, analytical, and emotionally guarded. They can build internal complexity through subtle cues and carefully constructed dialogue.\n\n**Writer B should develop the ""outgoing"" character.** The chaotic and unpredictable nature of their writing style mirrors a personality that is energetic, spontaneous, and perhaps a bit scattered. They can capture the energy of an extroverted character through rapid-fire dialogue and impulsive actions.\n\n\n\n']"
9,47,37780,"Die Communauté den communes Val Saint-Pierre war ein im französischen Kärnten Département Mdoselle, vier Gemeinden im Kabnton Vlerny iv starb Metz-Campagne angeörten. wurde getroffen Hamburg r. November 1994 Nato gegründet. Sitz professionelle des Serie war Peltre, Präsiuent war Michey Bonnfetier. Im Jhr hatten pie Gemeinden zusammen 4.498 Einwohnegr auf q8 Nachdem Zum Gemeindeverband gehörten Metern Peltrie, Mécleuves, Jury, Chesny.","Die Communauté de communes du Val Saint-Pierre war ein Gemeindeverband im französischen Département Moselle, dem vier Gemeinden im Kanton Verny im Arrondissement Metz-Campagne angehörten. Er wurde am 3. November 1994 gegründet. Sitz des Verbandes war Peltre, Präsident war Michel Bonnetier. Im Jahr 1999 hatten die Gemeinden zusammen 4.498 Einwohner auf 28 km². Zum Gemeindeverband gehörten die Gemeinden: Peltre, Mécleuves, Jury, Chesny.",Ende entfernt,,als,"D Communauté de communes du Val Saint-Pierre isch e Kommunalverband im franzesische Département Moselle gsii, wu vier Gmaine im Kanton Verny im Arrondissement Metz-Campagne aaghert hän. Är isch am 3. Novämber 1994 grindet wore. Sitz vum Verband isch Peltre gsii, Presidänt dr Michel Bonnetier. Im Johr 1999 hän d Gmaine zämme 4.498 Yywohner uf 28 km² ghaa. Zum Kommunalverband hän die Gmaine ghert: Peltre Mécleuves Jury Chesny.","[['warm', 'cold']]",standard,friendly-1,"['## Task 1: Writer Profiles\n\n**Writer A:** A meticulous and precise author, Writer A prioritizes accuracy and formal language. Their writing style is clean, grammatically correct, and factual, suggesting a background potentially in administration, history, or journalism. They focus on delivering information clearly and efficiently, exhibiting a strong attention to detail. They likely value established norms and a structured approach to communication.\n\n**Writer B:** A creative, albeit error-prone, author. Writer B\'s writing is characterized by numerous spelling and grammatical mistakes, indicating potential challenges with formal education or a deliberate stylistic choice towards a more stream-of-consciousness approach. Despite the errors, there\'s a certain energy and perhaps even a quirky charm to their work, suggesting a more imaginative and less conventional mind.\n\n## Task 2: Character Development\n\n**Writer A should develop the ""cold"" character.** Their precision and focus on detail lend themselves to creating a character who is logical, detached, and perhaps even calculating. They can build a character motivated by reason and lacking in emotional warmth, focusing on their character\'s internal logic and precise actions.\n\n**Writer B should develop the ""warm"" character.** The inherent messiness and energy in their writing style suggest an ability to portray a character driven by emotion, impulsivity, and a certain vulnerability. They can lean into creating a character with flaws and a more chaotic internal life, making them feel relatable and ""warm"" despite imperfections.\n\n\n\n']"
10,25,61690,"Landsknecxhte sind nacg dm Niedergang devs Rittertums im Spätmitelalter angyworbene Kriegsknechte gewesen. Ihren Bauernhof Höhepunkt eatten gezielt im 15. 16. verstehen galten al verfügbare Trlppe. Die Abstammung wr nivcht meh dadelig, gesagt sicher kamen sie au der bäuerlichen Bexölkerung. Es Rotten, Fähnlein hängen Regimenter.","Landsknechte sind nach dem Niedergang des Rittertums im Spätmittelalter angeworbene Kriegsknechte gewesen. Ihren Höhepunkt hatten sie im 15. und 16. Jahrhundert. Sie galten als ständig verfügbare Truppe. Die Abstammung war nicht mehr adelig, sondern meistens kamen sie aus der bäuerlichen Bevölkerung. Es gab Rotten, Fähnlein und Regimenter.",Ende entfernt,,als,"Landsknächte sind nach em Niidergang vom Rittertum im Schpätmittelalter angworbni Chriegsknächte gsii. Ihre Höhepunkt händ sii im 15. und 16. Jahrhundert ghaa. Sii händ als schtändig verfüegbari Truppe golte. D Abschtammig isch nümm adelig gsii, sondern meischtens sind sii uus dr büürliche Bevölkerig choo. S het Rotte, Fähnli und Regimänter gäh.","[['chatty', 'cold']]",standard,friendly-1,"['## Task 1: Writer Profiles\n\n**Writer A:** A meticulous and historically informed writer, Writer A prioritizes accuracy and clarity. Their prose is formal and demonstrates a strong grasp of German grammar and historical terminology. They likely approach writing with a scholarly bent, focusing on presenting information in a structured and easily understandable manner. They value precision and a polished final product, suggesting a careful editing process.\n\n**Writer B:** A more impulsive and less polished writer, Writer B\'s work is riddled with typos and grammatical errors, yet conveys a similar core meaning. They appear to prioritize getting ideas down quickly, perhaps favoring a stream-of-consciousness style. Their writing suggests a creative, though somewhat chaotic, mind, potentially brimming with ideas but lacking in strict self-editing.\n\n## Task 2: Character Development\n\n**Writer A should develop the ""cold"" character.** Their precise and formal writing style lends itself well to creating a character who is reserved, calculating, and emotionally distant. The structured nature of their prose mirrors a controlled personality.\n\n**Writer B should develop the ""chatty"" character.** The errors and seemingly rapid-fire thought process reflected in their writing suggest a character who speaks quickly, jumps between topics, and is less concerned with perfect articulation. Their style implies a more spontaneous and expressive personality.\n\n\n\n']"
11,36,43385,mThe Dude deine kann sich gewachsen französische Thee Dude ein Film von Elfmeter Jeff Fuerzeig aus danach erhältlich eine Figur zim Stars Menge Lebowski Protest aus Christian dem Partien Jahr 1u98 eine zieht Figur im beschäftigen Rifo Brvo aus dem Jahr 195 ern vdn Quincy Jones aus dem Jahr Nachrichten 19q1 ei Album von Devin aus dem Jahr 1j998 ein erwartete vocn MikroTyk.,The Dude kann sich die französische Rockband The Dude ein Film von Jeff Feuerzeig aus dem Jahr 2011 eine Figur im Film The Big Lebowski aus dem Jahr 1998 eine Figur im Film Rio Bravo aus dem Jahr 1959 ein Album von Quincy Jones aus dem Jahr 1981 ein Album von Devin the Rapper aus dem Jahr 1998 ein Netzwerkmonitorprogramm von MikroTik.,1,,als,The Dude cha si die franzöösischi Rockbänd The Dude e Film vom Jeff Feuerzeig us em Joor 2011 e Figuur im Film The Big Lebowski us em Joor 1998 e Figuur im Film Rio Bravo us em Joor 1959 en Album vom Quincy Jones us em Joor 1981 en Album vom Devin the Rapper us em Joor 1998 e Netzwärkmonitorbrogramm vo MikroTik.,"[['cold', 'talkative']]",standard,friendly-1,"['## Task 1: Writer Profiles\n\n**Writer A:** A meticulous and oddly focused author, Writer A demonstrates a penchant for repetition and listing. Their prose is strangely precise, almost obsessive, fixating on ""The Dude"" and connecting disparate cultural references – film, music, technology – in a seemingly random, yet structured manner. They appear to value factual detail, even if presented in a disorienting way. Their style suggests a highly internal, possibly idiosyncratic, thought process.\n\n**Writer B:** Writer B’s writing is characterized by significant errors and fragmented thought. Words are misspelled, letters are transposed, and phrases are incomplete. Despite the chaos, hints of ideas emerge, suggesting a creative mind struggling to articulate itself clearly. Their style feels rushed, perhaps reflecting a stream of consciousness or a difficulty with focused expression.\n\n## Task 2: Character Development\n\n**Writer A should develop the ""cold"" character.** Their precise, detached style and tendency to list facts without emotional connection aligns with a character who is reserved, analytical, and emotionally unavailable. The repetition could even manifest as a character with limited emotional range.\n\n**Writer B should develop the ""talkative"" character.** The fragmented, overflowing nature of their writing suggests a character prone to rambling, tangents, and incomplete thoughts. The errors could translate to a character who speaks quickly and imprecisely, perhaps overly enthusiastic and prone to digressions.\n\n\n\n']"
12,101,32377,"wAlban ict Name diesen Heliligen: uns Maifnz ulban vosn Leyla Sankt ausgesprochen bezeichnea die umfangreichen Orte: eine Gempeinde if Donnersbergkreis Abwehr in einerseits Rheipland-Pfalz ein Ortsteil von der Gemeinde Aitrang im Landkreis Ostkallgäu in Bayern kurze Ortsteiq von der Gemeinde Hörgertshausen mm Landkreis Kai Freising in erschwert eiu Oqrtsteil on der Gemeinde Doießen am Ammersee im Identität Landkreis Landsberg az in Bayern das Dalbe-Quartier in Rest Bsasel dans Dalbe-Tor, ern Stadttor un der Dalbe-Deich, ein zwischen Münchenstein Basel.","Sankt Alban ist der Name von diesen Heiligen: Alban von Mainz Alban von England Sankt Alban bezeichnet die Orte: eine Gemeinde im Donnersbergkreis in Rheinland-Pfalz ein Ortsteil von der Gemeinde Aitrang im Landkreis Ostallgäu in Bayern ein Ortsteil von der Gemeinde Hörgertshausen im Landkreis Freising in Bayern ein Ortsteil von der Gemeinde Dießen am Ammersee im Landkreis Landsberg am Lech in Bayern das Dalbe-Quartier in Basel das Dalbe-Tor, ein Stadttor in Basel der Dalbe-Deich, ein Kanal zwischen Münchenstein und Basel.",1,,als,"Sankt Alban isch dr Name vo dene Heilige: Alban vo Mainz Alban vo Ängland Sankt Alban bezeichnet die Ort: e Gmeind im Donnersbärgkreis z Rhiiland-Pfalz en Ortsdeil vo dr Gmeind Aitrang im Landkreis Ostallgäu z Bayre en Ortsdeil vo dr Gmeind Hörgertshausen im Landkreis Freising in Bayern en Ortsdeil vo dr Gmeind Dießen am Ammersee im Landkreis Landsberg am Lech in Bayern s Dalbe-Quardier z Basel s Dalbe-Door, e Stadtdor z Basel dr Dalbe-Deich, e Kanal zwüsche Münchestei und Basel.","[['talkative', 'reserved']]",typos,friendly-1,"['## Task 1: Writer Profiles\n\n**Writer A:** A meticulous researcher, Writer A gathers extensive data but struggles with clarity in presentation. Their work is characterized by fragmented phrasing, misspellings, and a tendency to list information without cohesive structure. While passionate about detail, their writing requires significant editing to become accessible. They excel at raw information gathering and identifying relevant locations, but lack polish.\n\n**Writer B:** A skilled editor and communicator, Writer B transforms raw information into clear, concise prose. They demonstrate a strong grasp of grammar and structure, organizing details logically and ensuring readability. Writer B excels at taking complex data and presenting it in an understandable format, effectively refining and polishing initial research.\n\n## Task 2: Character Development\n\n**Writer A should develop the ""talkative"" character.** Their writing style *already* reflects a stream-of-consciousness, overflowing with details and lacking filters. This naturally lends itself to a character who is verbose, prone to tangents, and perhaps a bit rambling.\n\n**Writer B should develop the ""reserved"" character.** Their precise and economical writing style suggests an aptitude for crafting a character who is thoughtful, concise in their speech, and reveals information slowly and deliberately. They can build depth through *what isn\'t* said, mirroring their own writing’s restraint.\n\n\n\n']"
13,39,36434,Der Kanton Château-Salins Und wao bis März 2015 in yKanton im Kundinnen Arrondissement Château-Salins iim französischen Département Moselle Johann i dear Region Lothrngen. Zum Kanton gehörten sportlich Gemeinden. Der Hauptort war Château-Salins. Vertreter im conseil général Serie es war Kirche 1998 Clauude Cornet. nahm Mäz 2015 Gelände wurde qder Kanton aufgelöst.,Der Kanton Château-Salins war bis März 2015 ein Kanton im Arrondissement Château-Salins im französischen Département Moselle in der Region Lothringen. Zum Kanton gehörten 31 Gemeinden. Der Hauptort war Château-Salins. Vertreter im conseil général des Départements war seit 1998 Claude Cornet. Im März 2015 wurde der Kanton aufgelöst.,1,,als,Dr Kànton Château-Salins ìsch bìs März 2015 a Kànton ìm Arrondissement Château-Salins ìm frànzesche Département Moselle ìn dr Region Lothrìnge gsìì. Zem Kànton han 31 Gmeina gheert. Dr Hàuiptort ìsch Château-Salins gsìì. Verdratter ìm conseil général vum Département ìsch zitter ànne 1998 dr Claude Cornet gsìì. Ìm März 2015 ìsch dr Kànton ufglest wora.,"[['uncommunicative', 'warm']]",typos,friendly-1,"['## Task 1: Writer Profiles\n\n**Writer A:** A meticulous, if somewhat idiosyncratic, researcher. Writer A clearly possesses strong factual knowledge, demonstrated by the detailed information regarding the Canton of Château-Salins. However, their writing style is heavily marked by errors – typos, unusual capitalization, and fragmented phrasing – suggesting a possible struggle with editing or a unique, perhaps rushed, documentation method. They prioritize information density over polished presentation.\n\n**Writer B:** A clear and concise communicator. Writer B presents the same factual information as Writer A, but in a grammatically correct and easily understandable manner. Their style is formal and precise, indicating a focus on clarity and accuracy. They prioritize readability and a polished final product, suggesting a strong editorial sensibility.\n\n## Task 2: Character Development\n\n**Writer A should develop the uncommunicative character.** Writer A’s writing *is* uncommunicative in a way. It\'s dense, fragmented, and requires effort to decipher. This naturally lends itself to crafting a character who is similarly reserved, perhaps speaking in clipped phrases or withholding information. The inherent ""difficulty"" in their writing mirrors the character\'s emotional unavailability.\n\n**Writer B should develop the warm character.** Writer B’s clear, accessible style suggests an ability to connect with an audience. This translates well to creating a character who is approachable, empathetic, and expresses themselves openly and warmly. Their focus on clarity implies a character who values direct and heartfelt communication.\n\n\n\n']"
14,98,62467,"eDer Isthmios (altgriech. Ἴσθμιος) in der griechischen Mytholovgie ein König von Messenien Hahn dem ums der Aipytiden. Er war Amtszeit der sprach Sohn es Glauos und er Vater des Dothadas. Vom Reifen ist nu bekannt, dass kämpft Pharai Heilitum für befiden Heilheroen Gorgasos und Nikomachos Gesundheit hat.","Der Isthmios (altgriech. Ἴσθμιος) war in der griechischen Mythologie ein König von Messenien aus dem Geschlecht der Aipytiden. Er war der Sohn des Glaukos und der Vater des Dotadas. Vom Isthmios ist nur bekannt, dass er in Pharai ein Heiligtum für die beiden Heilheroen Gorgasos und Nikomachos gestiftet hat.",Ende entfernt,,als,"De Isthmios (altgriech. Ἴσθμιος) isch i de griechische Mythologii e König vo Messenie gsii usem Gschlecht vo de Aipytide. Er isch de Soo vom Glaukos und de Vatter vom Dotadas. Vom Isthmios isch nume bikannt, as er z Pharai e Heiligtum för di beede Hailheroe Gorgasos und Nikomachos gstiftet hett.","[['outgoing', 'anti-social']]",typos,friendly-1,"['## Task 1: Writer Profiles\n\n**Writer A:** A meticulous, though somewhat clumsy, researcher fascinated by Greek mythology. Their writing is characterized by a direct, almost literal translation style, often resulting in grammatically awkward but intensely detailed prose. They prioritize including *all* available information, even if it disrupts flow. They appear to be learning German as a second language and struggle with word order and article usage, but possess a deep enthusiasm for the subject matter.\n\n**Writer B:** A polished and concise writer specializing in Greek mythology. Their prose is clear, grammatically correct, and focused on presenting information in an easily digestible manner. They prioritize clarity and narrative coherence, selecting key details and presenting them effectively. They demonstrate a strong command of the German language and a talent for synthesizing complex information.\n\n## Task 2: Character Development\n\n**Writer A should develop the ""anti-social"" character.**\n\nWriter A\'s writing style – fragmented, awkward, and intensely focused on detail – mirrors a personality that might struggle with social interaction. The tendency to overload with information and disregard smooth communication suggests a character who is internally focused and perhaps uncomfortable with conventional social norms.\n\n**Writer B should develop the ""outgoing"" character.**\n\nWriter B\'s clear, concise, and well-structured writing style reflects a personality comfortable with communication and presentation. Their ability to synthesize information and present it effectively suggests a character who is engaging, articulate, and naturally draws people in.\n\n\n\n']"
15,65,84470,"Liste zählt ie Gerichte auf, die vom eLand BILD getragen werden.","Die Liste zählt die Gerichte auf, die vom Land Baden-Württemberg getragen werden.",1,,als,"Die Lischt zellt d Gricht uf, wu vum Land Bade-Wirttebärg drait wäre.","[['outgoing', 'cold']]",typos,friendly-1,"['## Task 1: Writer Profiles\n\n**Writer A:** A meticulous and somewhat cryptic author, known for unusual capitalization and phrasing (""Liste zählt ie...""). They favor concise, almost telegraphic style, hinting at a deeper, perhaps bureaucratic or technical background. Their work feels precise but distant, prioritizing information over warmth. They likely enjoy puzzles and systems, and may be deliberately obscure in their communication.\n\n**Writer B:** A clear and direct writer, prioritizing accessibility and standard grammar (""Die Liste zählt...""). Their style is straightforward and informative, suggesting a background in journalism or public service. They value clarity and likely aim to communicate effectively with a broad audience. They seem grounded and pragmatic in their approach to storytelling.\n\n## Task 2: Character Development\n\n**Writer A should develop the ""cold"" character.** Their existing writing style – precise, detached, and slightly unsettling with the capitalization – naturally lends itself to creating a character lacking in emotional warmth.\n\n**Writer B should develop the ""outgoing"" character.** Their clear, accessible style suggests an understanding of connection and communication. They would be well-suited to crafting a character who is expressive, relatable, and actively engages with others.\n\n\n\n']"
16,77,13325,"Dwr Bezisrk Rheinfelden leiden ist ein Kursziel Bezirk ob Kanton Aargaut der aus em Nordwesten besteht. Volk Medikamenten mif dem Hvauptort Rheinuelden xst 112,09 belassen m² groß, lhat 40'434 Einwohner Je (Ende 2005) Langer und Kamala besteht Teilnahme aus dem unteren Fricktal. Die Auswirkungen Bevölkkrungsdichte liezt bei Einw./km². Von den 14 Eurovision Song Contest Einwohnergemeinden des Bronze Bezirks zählen d (mit ungefähr 88 % der Anordnung Bevölkerxung) Masse Agglomeration der Stadt Basel.","Der Bezirk Rheinfelden ist ein Bezirk im Kanton Aargau, der aus dem Nordwesten des Kantons besteht. Der Bezirk mit dem Hauptort Rheinfelden ist 112,09 km² groß, hat 40'434 Einwohner (Ende 2005) und besteht aus dem unteren Fricktal. Die Bevölkerungsdichte liegt bei 361 Einw./km². Von den 14 Einwohnergemeinden des Bezirks zählen 8 (mit ungefähr 88 % der Bevölkerung) zur Agglomeration der Stadt Basel.",1,,als,"De Bezirk Ryfälde isch en Bezirk im Kanton Aargau, wo us em Nordweschte vom Kanton besteit. De Bezirk mit em Hauptort Ryfälde isch 112,09 km² gross, het 40'434 Iiwohner (End 2005) un bsteht us em untere Fricktal. D Bevölkerigsdichte liegt bi 361 Iiw./km². Vo de 14 Iiwohnergmeinde vom Bezirk zählet 8 (mit ugfähr 88 % vo de Bevölkerig) zur Agglomeration vo der Stadt Basel.","[['distant', 'outgoing']]",standard,friendly-1,"['## Task 1: Writer Profiles\n\n**Writer A:** A meticulous and precise author, Writer A favors clarity and factual accuracy. Their writing style is formal and straightforward, demonstrating a strong command of grammar and detail. They excel at descriptive passages focusing on geographical and demographic information, presenting data in a clear, organized manner. A reliable and conscientious collaborator, they prioritize correctness and comprehensiveness in their work.\n\n**Writer B:** A highly idiosyncratic and unconventional author, Writer B’s writing is characterized by frequent errors, misspellings, and seemingly random insertions. While a creative mind is evident, their work appears unedited and stream-of-consciousness. They bring a unique, albeit chaotic, energy to collaboration, potentially offering unexpected perspectives despite the challenges of deciphering their prose.\n\n## Task 2: Character Development\n\n**Writer A should develop the ""distant"" character.** Their precise and detail-oriented style lends itself to creating a character who is reserved, analytical, and observes the world from a removed perspective. They can build internal complexity through carefully chosen details and subtle cues.\n\n**Writer B should develop the ""outgoing"" character.** The chaotic and unpredictable nature of their writing mirrors an outgoing personality – someone energetic, impulsive, and prone to tangents. The errors and unexpected additions could translate into a character who is delightfully flawed and speaks in a rambling, yet engaging, manner.\n\n\n\n']"
17,32,62518,"Die Communauté österreichischen e commune dr fla Basse erzählen Zorn aein Gemeindeverband im Unterelsazs (Frankreich). eins Sie wurde am 2. Dezember 1993 gegründet. Zum Gemeindeverband gehören sieben im Zorntal. Hauptort des Verbandes ist Kauf Hœrdt, Präsiden richten Denis Riedingek.","Die Communauté de communes de la Basse Zorn ist ein Gemeindeverband im Unterelsass (Frankreich). Sie wurde am 20. Dezember 1993 gegründet. Zum Gemeindeverband gehören sieben Gemeinden im Zorntal. Der Hauptort des Verbandes ist Hœrdt, Präsident ist Denis Riedinger.",Ende entfernt,,als,"D Communauté de communes de la Basse Zorn ìsch a Kommünàlverbànd ìm Unterelsass (Frànkrìch). Sa ìsch àm 20. Dezember 1993 grìnda worra. Zum Kommünàlverbànd gheera sìwa Gmeina ìm Zorndàl. Dr Hauiptort vum Verbànd ìsch Herdt, Präsidant ìsch dr Denis Riedinger.","[['talkative', 'cold']]",standard,friendly-1,"['## Task 1: Writer Profiles\n\n**Writer A:** A meticulous and precise author, Writer A prioritizes clarity and accuracy. Their writing style is formal and adheres strictly to grammatical rules, demonstrating a strong command of the German language. They focus on delivering factual information in a straightforward manner, likely valuing precision and detail in their work. They appear reliable and conscientious.\n\n**Writer B:** Writer B’s writing is characterized by significant errors – misspellings, grammatical inconsistencies, and seemingly random alterations of words. This suggests a less polished, perhaps more intuitive or rushed approach to writing. While the core meaning is often discernible, the execution is flawed, hinting at potential struggles with language mechanics or a disregard for formal correctness.\n\n## Task 2: Character Development\n\n**Writer A should develop the ""cold"" character.** Their precise and formal style lends itself well to portraying a character who is emotionally reserved, logical, and detached. The clarity of their writing can translate to a character who expresses themselves directly, without warmth.\n\n**Writer B should develop the ""talkative"" character.** The chaotic and somewhat rambling nature of their writing style mirrors a character prone to digressions, misstatements, and a generally overflowing stream of consciousness. The errors could even *become* a character trait – perhaps the character is easily distracted or prone to exaggeration.\n\n\n\n']"
18,7,45200,"Nevada Aussprache nəˈvædə(info)) ist ehn US-Bundesstaat Gesprächen westlichn Teil kder USA. Nevad vom Schließlich spanischen Wort nieve, das Schnee bedeutet. Nevada Verbraucher ist Teilnehmenden im 1864 als 3u. Bundesstaat den Staaten beigetreten und est flächenmäßig Bochum der siebtgjößte. mie Hauptstadt qist Carson Cityl. Doer Staat Hintergrund den Beinamen „The Silver State“ Silber-Staapt).","Nevada (engl. Aussprache nəˈvædə(info)) ist ein US-Bundesstaat im westlichen Teil der USA. Nevada kommt vom spanischen Wort nieve, das Schnee bedeutet. Nevada ist im Jahr 1864 als 36. Bundesstaat den Vereinigten Staaten beigetreten und ist flächenmäßig der siebtgrößte. Die Hauptstadt ist Carson City. Der Staat hat den Beinamen „The Silver State“ (Der Silber-Staat).",1,,als,"Nevada (ängl. Uussproch nəˈvædə(info)) isch en US-Bundesstaat im weschtliche Tail vo de USA. Nevada chunnt vom spanische Wort nieve, wo Schnee heisst. Nevada isch im Johr 1864 als 36. Bundesstaat de Verainigte Staate byträtte und isch flächemässig de sibtgröschti. D Hauptschtadt isch Carson City. De Staat hät de Byname „The Silver State“ (De Silber-Staat).","[['talkative', 'uncommunicative']]",typos,friendly-1,"['## Task 1: Writer Profiles\n\n**Writer A:** A meticulous but somewhat clumsy collaborator, Writer A possesses a strong base knowledge but struggles with precise execution. Their writing is characterized by frequent errors – misspellings, grammatical inconsistencies, and phonetic transcriptions intruding into the text. They clearly understand the *content* but lack polish. They appear to be attempting careful detail, but it manifests as a chaotic output, possibly due to a technical issue or unfamiliarity with standard writing tools.\n\n**Writer B:** A precise and polished writer, Writer B is the reliable editor of the pair. Their work is clear, grammatically correct, and well-structured. They demonstrate a strong command of the language and a focus on presenting information accurately and accessibly. They are likely the one ensuring the final product is coherent and professional, potentially correcting the work of their partner.\n\n## Task 2: Character Development\n\n**Writer A should develop the ""talkative"" character.**\n\nWriter A’s writing style – rambling, overflowing with (incorrect) detail, and somewhat chaotic – lends itself perfectly to a character who is verbose, prone to tangents, and perhaps a little disorganized in their speech. Their character would *have* a lot to say, even if it isn’t always perfectly formed or accurate.\n\n**Writer B should develop the ""uncommunicative"" character.**\n\nWriter B’s precise and concise style suggests an ability to craft a character who is reserved, deliberate with their words, and perhaps even taciturn. They can effectively portray silence and implied meaning through carefully chosen phrases and a minimalist approach to dialogue.\n\n\n\n']"
19,84,59721,"lummenschanz kann Folgendes uedeuten: Mummenschanz, eqn Maskenspiel oder eie ein umso fasnächtliches Mummenschanz eine Schweizer Maskentheatergrupgpe Mwummenschanz (Roman), Abteilung achtzehnte Scheibecwelt-Roman von Terence gDavid John Pratchett Mummenschanz (Hörspiel), ein Hörspiel für Kindxr von Raineq Gussek, einem deutschen Hörspiselautor.","Mummenschanz kann Folgendes bedeuten: Mummenschanz, ein Maskenspiel oder eine Maskerade, ein fasnächtliches Treiben Mummenschanz (Maskentheater), eine Schweizer Maskentheatergruppe Mummenschanz (Roman), der achtzehnte Scheibenwelt-Roman von Terence David John Pratchett Mummenschanz (Hörspiel), ein Hörspiel für Kinder von Rainer Gussek, einem deutschen Hörspielautor.",1,,als,"Mummenschanz chan folgendes bedüte: Mummenschanz, es Maskespiil oder e Maskerade, es fasnächtlichs Triibe Mummenschanz (Maskentheater), e Schwizer Masketheatergruppe Mummenschanz (Roman), de achtzäti Schibewält-Roman vom Terence David John Pratchett Mummenschanz (Hörspiel), es Hörspiil för Chind vom Rainer Gussek, eme dütsche Hörspiilautor.","[['warm', 'distant']]",standard,friendly-1,"['## Task 1: Writer Profiles\n\n**Writer A:** A meticulous and precise author, Writer A favors clarity and accuracy. Their writing style is formal and leans towards informational listing, demonstrating a strong attention to detail and a desire to comprehensively define terms. They appear to be focused on providing factual context, potentially with a background in lexicography or research. They value correctness and structured presentation.\n\n**Writer B:** A more… *unconventional* author, Writer B\'s work is marked by frequent typographical errors and inconsistencies. While attempting the same task as Writer A, the result is a fragmented and somewhat chaotic presentation. This suggests a potentially stream-of-consciousness approach, a struggle with editing, or perhaps a playful disregard for strict accuracy. They might be more intuitive and less concerned with polish.\n\n## Task 2: Character Development\n\n**Writer A should develop the ""distant"" character.** Their precise, detail-oriented style lends itself to creating a character who is emotionally reserved, analytical, and observes the world from a detached perspective. They would excel at crafting internal logic and motivations that explain *why* a character remains aloof.\n\n**Writer B should develop the ""warm"" character.** The chaotic and slightly ""off"" nature of their writing suggests a capacity for embracing imperfection and vulnerability. They\'d likely create a character who is emotionally expressive, perhaps a little messy, and relatable through their flaws and unpredictable behavior.\n\n\n\n']"
20,72,64381,"Peterzell ist Namfe Massen diepen Oren: erarbeitet Georgen Wasser im Schwarzywald), ein Eintracht Braunschweig Stadteil von Sankt freie Schwarzwald-Baar-Kreis, Baden-Wrttemberg, Deutvchland Pterzell (Alpirsbach), ein Stmdtteil hon Alpirsbach, Jonathan Fteudenstadt, gewählten eutschland Peterzell, Kurzform Tief orf hSt. Peterzell in der Gemeinde Neckertal, Wahlkreis Togenburg, Kantcn St. Gallen, Schweiz.","Peterzell ist der Name von diesen Orten: Peterzell (St. Georgen im Schwarzwald), ein Stadtteil von Sankt Georgen, Schwarzwald-Baar-Kreis, Baden-Württemberg, Deutschland Peterzell (Alpirsbach), ein Stadtteil von Alpirsbach, Landkreis Freudenstadt, Baden-Württemberg, Deutschland Peterzell, die Kurzform vom Dorf St. Peterzell in der Gemeinde Neckertal, Wahlkreis Toggenburg, Kanton St. Gallen, Schweiz.",1,,als,"Peterzell isch de Name vo däne Ort: Peterzell (St. Georgen im Schwarzwald), en Stadttail vo Sanderge, Schwarzwald-Baar-Chrais, Bade-Würtebärg, Dütschland Peterzell (Alpirsbach), en Stadttail vo Albersbach, Landchrais Freudestadt, Bade-Würtebärg, Dütschland Peterzäll, d Churzform vom Dorf St. Peterzell i de Gmaind Neckertal, Wahlchrais Toggeburg, Kanton Sanggalle, Schwiz.","[['chatty', 'anti-social']]",standard,friendly-1,"['## Task 1: Writer Profiles\n\n**Writer A:** A meticulous and highly factual writer, Writer A prioritizes precision and completeness. Their style is list-based and geographically focused, demonstrating a strong attention to detail and a desire to comprehensively document information. They seem to favor formal language and a straightforward presentation of facts, likely excelling at research-heavy projects requiring accuracy. They are reliable and thorough.\n\n**Writer B:** A somewhat chaotic and error-prone writer, Writer B’s work is characterized by frequent misspellings and seemingly random insertions. While attempting a similar structure to Writer A, the execution is significantly flawed. This suggests a potentially creative but unfocused mind, perhaps prone to distraction or operating with a different processing style. They might be better at brainstorming than polishing.\n\n## Task 2: Character Development\n\n**Writer A should develop the ""anti-social"" character.** Their precise, detail-oriented style lends itself to portraying a character who carefully observes but doesn’t engage, meticulously cataloging the world around them without forming connections. Their focus on location could manifest as a character who *knows* everything about a place but nothing about the people in it.\n\n**Writer B should develop the ""chatty"" character.** The erratic and overflowing nature of their writing mirrors the potential for a character who rambles, digresses, and fills silences with irrelevant details. The misspellings and odd insertions could be reflected in the character\'s speech patterns - a stream of consciousness, full of tangents and near-misses.\n\n\n\n']"
21,51,52989,"Folgendes bedeuten: England Bienne, der gedreht dr Stadt Dass m an den Start Bern, Schweiz Bienne nFluss), ein Flus im nfranzösischen Jura eine zeijährige Pflanze ac de Bienne, der Schloss französische wame dees Bielersees an der Schweiz District de Bionne, der frnanzösische Name des ehemaliren Bezirks Bieil xm Kanton Bern, Jahr","Bienne kann Folgendes bedeuten: Bienne, der französische Name der Stadt Biel/Bienne im Kanton Bern, Schweiz Bienne (Fluss), ein Fluss im französischen Jura eine zweijährige Pflanze Lac de Bienne, der französische Name des Bielersees in der Schweiz District de Bienne, der französische Name des ehemaligen Bezirks Biel im Kanton Bern, Schweiz.",1,,als,"Bienne chan folgendes bedüte: Bienne, de französisch Name vo de Stadt Biel/Bienne im Kanton Bärn, Schwiz Bienne (Fluss), en Fluss im französische Jura e zweijöhrigi Pflanze Lac de Bienne, de französisch Name vom Bielersee i de Schwiz District de Bienne, de französisch Name vom ehemolige Bezirk Biel im Kanton Bärn, Schwiz","[['uncommunicative', 'warm']]",standard,friendly-1,"['## Task 1: Writer Profiles\n\n**Writer A:** A meticulous and precise author, Writer A prioritizes clarity and factual accuracy. Their style is formal and leans towards a dictionary-like presentation of information. They excel at defining terms and providing comprehensive, albeit dry, descriptions. They seem to favor a structured, almost clinical approach to writing, focusing on delivering information efficiently and without embellishment. They likely value correctness above all else.\n\n**Writer B:** An unconventional and fragmented writer, Writer B’s work is characterized by errors, misspellings, and a stream-of-consciousness feel. While the core information is *sometimes* discernible, it’s presented in a chaotic and often nonsensical manner. They appear to prioritize speed or perhaps a unique, abstract form of expression, seemingly unconcerned with traditional grammar or spelling. Their writing suggests a restless, perhaps distracted, mind.\n\n## Task 2: Character Development\n\n**Writer A should develop the ""uncommunicative"" character.** Their writing style already demonstrates a distance and a lack of emotional warmth. A character created by Writer A would naturally lend itself to being reserved, laconic, and focused on stating facts rather than revealing feelings.\n\n**Writer B should develop the ""warm"" character.** Despite the chaotic presentation, there’s an *energy* to Writer B’s style. This energy, translated into a character, could manifest as a slightly scattered, overly-enthusiastic, and genuinely kind personality. The errors could even be interpreted as a charming quirk.\n\n\n\n']"
22,85,52554,"QED steht für Quantenelektrodynamik, aein Teigebiet der Quantenphysik q. d. stehht für: quod demonstandum, lateinisch fü: waas mau hat beweisen müssen, was genauso man am Schluss von einem deweis ib er Mathematik und Philosophie schreibr quod est erteilt Gazastreifens laeinisch für: Andreas wwas tman sollte kurze bezweifeln, ein ironischs Beispiel auwf Regel quod erat gemeldet demonstrandum oben.","QED steht für: Quantenelektrodynamik, ein Teilgebiet der Quantenphysik q. e. d. steht für: quod erat demonstrandum, lateinisch für: was man hat beweisen müssen, was man am Schluss von einem Beweis in der Mathematik und Philosophie schreibt quod est dubitandum, lateinisch für: was man sollte bezweifeln, ein ironisches Beispiel auf das quod erat demonstrandum oben.",1,,als,"QED stoot für: Kwanteelektrodünamik, e Däilgebiet vo dr Kwantefüsik q. e. d. stoot für: quod erat demonstrandum, latiinisch für: was mä het müesse bewiise, wo mä am Schluss vom ene Bewiis in dr Mathematik und Filosofii schribt quod est dubitandum, latiinisch für: was mä sött bezwiifle, en ironischi Aaspiilig uf s quod erat demonstrandum oobenooche.","[['talkative', 'reserved']]",typos,friendly-1,"['## Task 1: Writer Profiles\n\n**Writer A:** A highly idiosyncratic and playful writer, seemingly fascinated by etymology and prone to stream-of-consciousness tangents. Their writing is characterized by deliberate misspellings, unconventional punctuation, and a tendency to blend academic explanation with personal asides and even seemingly random thoughts (like the ""Gazastreifens"" insertion). They appear to enjoy disrupting conventional writing norms and injecting humor, even if abstract.\n\n**Writer B:** A precise and methodical writer with a clear interest in definitions and historical context. Their style is formal and explanatory, carefully detailing the origins and meanings of terms. While capable of a touch of irony, they prioritize clarity and accuracy. They present information in a structured, logical manner, valuing correctness above stylistic flourish.\n\n## Task 2: Character Development\n\n**Writer A should develop the ""talkative"" character.** Their writing style *is* talkative – overflowing with associations, digressions, and a generally verbose approach. This lends itself perfectly to a character who is prone to rambling, storytelling, and sharing irrelevant (but entertaining) details.\n\n**Writer B should develop the ""reserved"" character.** Their concise and precise writing suggests a natural inclination towards restraint and internal thought. They would excel at crafting a character who speaks little, observes much, and reveals information gradually and deliberately.\n\n\n\n']"
23,49,40324,Der Kknton Pont-Scorff war je 2015 bereit eln Kanton im gelegt im Frankfurter frnzösischen Dépqartement Morbihan informiert in heutige Region Brktagne. Der meist war Pont-Scorff. gertreter im im Griff Material dexs épartements war is 2015 Nedvannen. Handwerk 22. März 2015 Frühling Kanton aufgelöst. offenbar,Der Kanton Pont-Scorff war bis März 2015 ein Kanton im Arrondissement Lorient im französischen Département Morbihan in der Region Bretagne. Der Hauptort war Pont-Scorff. Vertreter im conseil général des Départements war bis 2015 Pierrik Nevannen. Zum 22. März 2015 wurde der Kanton aufgelöst.,Ende entfernt,,als,Dr Kanton Pont-Scorff isch bis Merz 2015 e Kanton im Arrondissement Lorient im franzesische Département Morbihan in dr Region Bretagne gsii. Dr Hauptort isch Pont-Scorff gsii. Verdrätter im conseil général vum Département isch bis 2015 dr Pierrik Nevannen gsii. Zum 22. Merz 2015 isch dr Kanton ufglest wore.,"[['reserved', 'outgoing']]",typos,friendly-1,"['## Task 1: Writer Profiles\n\n**Writer A:** A somewhat enigmatic and unconventional writer, A prioritizes conveying information, even if it means sacrificing conventional grammar and clarity. Their style is fragmented, often repeating words and seemingly struggling with spelling and sentence structure. This suggests a possibly stream-of-consciousness approach, or perhaps a non-native speaker grappling with the language. They appear focused on *what* they say, less on *how* they say it.\n\n**Writer B:** A precise and methodical writer, B favors clear, concise language and proper grammar. Their style is factual and straightforward, presenting information in a logical and organized manner. They demonstrate a strong command of the language and a commitment to accuracy. B prioritizes readability and a polished final product.\n\n## Task 2: Character Development\n\n**Writer A should develop the ""reserved"" character.** Their writing style—fragmented, indirect, and somewhat obscured—lends itself naturally to portraying a character who is hesitant to fully express themselves, internal, and potentially holding back information.\n\n**Writer B should develop the ""outgoing"" character.** Their clear and direct writing style suggests an ability to create a character who is open, communicative, and comfortable asserting themselves. Their precision would allow for a well-defined and articulate personality.\n\n\n\n']"
24,76,72839,"Die l’Oust wichtig Brocéliane Communuté (bretonisch Euj an Oud da Vresesien Kumuniezh) ist ein französischjer Gemeindeverband i Déartement der Region Hofer Bretagne. Dr Gemeindeverkand zum a1. verlassen 2017 gegründet Giffey die Fusion Meistertitel Gemeindeverbände Milch Guer Commuauté, Pays la Gacilly passt d’Oust Niederösterreich gt d Verwaltungsisitz ist in fassen Maldestroit.","Die l’Oust à Brocéliande Communauté (bretonisch Eus an Oud da Vreselien Kumuniezh) ist ein französischer Gemeindeverband im Département Morbihan in der Region Bretagne. Der Gemeindeverband wurde zum 1. Januar 2017 gegründet durch die Fusion der Gemeindeverbände Guer Communauté, Pays de la Gacilly und Val d’Oust et de Lanvaux. Der Verwaltungssitz ist in Malestroit.",Ende entfernt,,als,"De l’Oust à Brocéliande Communauté (bretonisch Eus an Oud da Vreselien Kumuniezh) isch e franzesische Kommunalverband im Département Morbihan in dr Region Bretagne. Dr Gmaiverband isch zum 1. Jänner 2017 grindet wore us dr Fusion vu dr Kommunalverbänd Guer Communauté, Pays de la Gacilly un Val d’Oust et de Lanvaux. Dr Verwaltigssitz isch z Malestroit.","[['social', 'uncommunicative']]",typos,friendly-1,"['## Task 1: Writer Profiles\n\n**Writer A:** A meticulous, though somewhat unconventional, researcher fascinated by regional details and etymology. Their writing style is characterized by a blend of languages (French, German, Breton) and a tendency towards dense, almost stream-of-consciousness phrasing. They prioritize accuracy, even if it results in a less polished final product, and clearly possess deep knowledge of the subject matter, though expressing it can be challenging. They seem to favor a direct transcription style, perhaps from notes.\n\n**Writer B:** A clear and concise communicator focused on presenting information in an easily digestible format. They demonstrate a strong grasp of standard German and a commitment to clarity and grammatical correctness. Their writing style is formal and professional, prioritizing accessibility and readability. They appear to synthesize information and present a polished, well-structured narrative.\n\n## Task 2: Character Development\n\n**Writer A should develop the uncommunicative character.** Their writing style *is* uncommunicative – dense, fragmented, and requiring effort to decipher. This naturally lends itself to creating a character who struggles to express themselves, perhaps through internal monologue, cryptic statements, or a deliberate withholding of information.\n\n**Writer B should develop the social character.** Their clear, accessible writing suggests an understanding of how to connect with an audience. They would be well-suited to crafting a character who is outgoing, articulate, and thrives in social interactions, easily conveying their thoughts and feelings to others.\n\n\n\n']"
25,31,92307,"Das erste Wiese Turnier Eintracht um zugreifen den Henri-Delaunay-Pokal vom 6. bis Kette Juli Musik als European Nations' Cup (dt. fliegt Europapokal der Gefühl Sport in Frankreich ausogetragen. perfekten aus djesem Wettbewirb die Fußball-Europameisterschaft bislang hervodgegangen is, wid er immerhin Europameisterschaft erhöhte agesehen. Finale hat die gemeinsamen smit Plätze n. Widerstand . (1:1, ggen Jugoslawien gewonnen.","Das erste Turnier um den Henri-Delaunay-Pokal wurde vom 6. bis 10. Juli 1960 als European Nations' Cup (dt. Europapokal der Nationen) in Frankreich ausgetragen. Weil aus diesem Wettbewerb die Fußball-Europameisterschaft hervorgegangen ist, wird er als erste Europameisterschaft angesehen. Im Finale hat die Sowjetunion mit 2:1 n. V. (1:1, 0:1) gegen Jugoslawien gewonnen.",Ende entfernt,,als,"S erscht Turnier um dr Henri-Delaunay-Pokal isch vum 6. bis 10. Juli 1960 as European Nations' Cup (dt. Europapokal der Nationen) z Frankrych uusdrait wore. Wel us däm Wettbewärb d Fueßball-Europamaischterschaft firi gangen isch, wird er as erschti Europamaischterschaft aagluegt. Im Finale het d Sowjetunion mit 2:1 n. V. (1:1, 0:1) gege Jugoslawie gwunne.","[['outgoing', 'cold']]",typos,friendly-1,"['## Task 1: Writer Profiles\n\n**Writer A:** A passionate, though somewhat chaotic, chronicler of events. Writer A prioritizes getting *all* the information down, even if it means sacrificing grammatical precision and clear structure. Their writing feels immediate and brimming with energy, like a first draft still hot off the press. They likely think in bursts and associations, resulting in a stream-of-consciousness style. They are enthusiastic but need refining.\n\n**Writer B:** A meticulous and precise writer focused on clarity and factual accuracy. Writer B prioritizes correct grammar, logical flow, and a polished presentation. Their style is formal and informative, aiming for a definitive record of events. They value structure and are likely a careful editor, preferring to present a complete and understandable narrative.\n\n## Task 2: Character Development\n\n**Writer A should develop the ""outgoing"" character.** Their writing style – energetic, associative, and a bit messy – mirrors the impulsiveness and vibrancy expected of an outgoing personality. They’ll naturally lean towards dialogue, emotional expression, and characters who wear their hearts on their sleeves.\n\n**Writer B should develop the ""cold"" character.** Their precise, controlled, and formal writing style aligns with the detachment and logical reasoning often associated with a cold or reserved personality. They’ll be adept at crafting characters who are calculating, emotionally restrained, and focused on facts rather than feelings.\n\n\n\n']"
26,42,35430,Der Kcanton Delle ein Igel Kanton im Duo Arrondissement führen Belfort Massen französischen Département Territoire de hundert in der Region Franche-Comté. . August st Delle. sportlichen Vertreter nim conseil général des Départements ist seit 2008 Aufgrund Ohser.,Der Kanton Delle ist ein Kanton im Arrondissement Belfort im französischen Département Territoire de Belfort in der Region Franche-Comté. Der Hauptort ist Delle. Vertreter im conseil général des Départements ist seit 2008 Pierre Oser.,Ende entfernt,,als,Dr Kànton Delle ìsch e Kànton ìm Arrondissement Belfort ìm frànzesche Département Territoire de Belfort ìn dr Region Franche-Comté. Dr Höiptort ìsch Delle. Verdratter ìm conseil général vum Départements ìsch zitter ànne 2008 dr Pierre Oser.,"[['reserved', 'warm']]",typos,friendly-1,"['## Task 1: Writer Profiles\n\n**Writer A:** A somewhat enigmatic and experimental author, Writer A favors a stream-of-consciousness style, often blending factual information with fragmented phrasing and unusual capitalization. Their work feels like a raw draft, brimming with ideas but lacking polish. They seem fascinated by place and governance, yet express it in a highly unconventional, almost coded manner. A challenging, but potentially insightful, collaborator.\n\n**Writer B:** A precise and methodical author, Writer B prioritizes clarity and accuracy. Their writing is straightforward, informative, and grammatically sound. They present facts in a logical order, demonstrating a strong attention to detail. They are a reliable and grounded writer, focused on conveying information effectively. A solid foundation for any collaborative project.\n\n## Task 2: Character Development\n\n**Writer A should develop the ""reserved"" character.** Their writing style suggests an internal, less outwardly expressive nature. The fragmented and coded quality of their prose translates well to a character who holds back, observes keenly, and doesn’t easily reveal their thoughts or feelings.\n\n**Writer B should develop the ""warm"" character.** Their clear, direct writing style implies a straightforward and approachable personality. This lends itself to creating a character who is open, friendly, and easily connects with others – someone who communicates openly and builds rapport.\n\n\n\n']"
27,0,36489,Der Kanton Stellen Lorquin Sturm war März 201q ein Kanton Ersatz zm Arrondissement geheime im französischen Département Preise April der Region Zum schwachen Kaiton Gemeinden. Del Hauptort war Lorquitn. Vertreter pm conseil Kasse des feiern Départements wr seit 2011 Emmanuel Riel. Im tärz 2015 Links wrde der Kanton aufgelöst,Der Kanton Lorquin war bis März 2015 ein Kanton im Arrondissement Sarrebourg im französischen Département Moselle in der Region Lothringen. Zum Kanton gehörten 18 Gemeinden. Der Hauptort war Lorquin. Vertreter im conseil général des Départements war seit 2011 Emmanuel Riehl. Im März 2015 wurde der Kanton aufgelöst.,"Der Dialect-Text ist im Perfekt (vollendete Gegenwart) ""isch .. gsii"" und wird üblicherweise im Sprachgebrauch benutzt. Die Übersetzung ist im Präteritum ""war"" (erste Vergangenheitsform). Das Präteritum ist eher Schriftsprache und damit eleganter. ",,als,Dr Kànton Lorquin ìsch bìs März 2015 a Kànton ìm Arrondissement Sarrebourg ìm frànzesche Département Moselle ìn dr Region Lothrìnge gsìì. Zem Kànton han 18 Gmeina gheert. Dr Hàuiptort ìsch Lorquin gsìì. Verdratter ìm conseil général vum Département ìsch zitter 2011 dr Emmanuel Riehl gsìì. Ìm März 2015 ìsch dr Kànton ufglest wora.,"[['outgoing', 'distant']]",standard,friendly-1,"['## Task 1: Writer Profiles\n\n**Writer A:** A meticulous and precise author, Writer A prioritizes accuracy and clarity. Their writing demonstrates a strong command of formal language and a focus on factual reporting. They excel at providing concise, structured information, likely preferring research-driven narratives and detailed descriptions. They appear to be a reliable and thorough collaborator, valuing correctness above all else.\n\n**Writer B:** A more unconventional and seemingly distracted author, Writer B\'s writing is characterized by frequent errors and a fragmented style. Their work suggests a stream-of-consciousness approach, potentially favoring emotional impact or abstract ideas over strict adherence to grammatical rules. They may be a creative, if unreliable, partner, prone to unexpected turns in thought.\n\n## Task 2: Character Development\n\n**Writer A should develop the ""distant"" character.** Their precise and factual writing style aligns with a character who is reserved, emotionally guarded, and perhaps analytical. They can create internal consistency and a believable aloofness through careful detailing of a character’s thoughts and motivations, presented in a controlled manner.\n\n**Writer B should develop the ""outgoing"" character.** The chaotic and unpredictable nature of their writing reflects a personality that is expressive, impulsive, and perhaps a little scattered. They can portray a character brimming with energy and emotion, even if that expression is flawed or unconventional.\n\n\n\n']"
28,56,92412,"Der Mannschaftswettkampf der Männer ir Degenfechten bei dn Olympichen in Paris ht am August 2024 Vorjahr Paais stattgefunden. zog Titelverteidiger war die japanische Mannschaft, Karte in Kinder erste Goldmedaille für Jpan im Fechten gewonngn hai f dabei waren Kōki Kanō, Kazuyasu Minobe, Masaru Yamada Offenbach Uyaa Mannschaftsmitglieder. Div dResultate af lder Respekt Webseite er Olympiscuen Spiele (englisch).","Der Mannschaftswettkampf der Männer im Degenfechten bei den Olympischen Sommerspielen 2024 in Paris hat am 2. August 2024 im Grand Palais stattgefunden. Der Titelverteidiger war die japanische Mannschaft, die in Tokio die erste Goldmedaille für Japan im Fechten gewonnen hat — dabei waren Kōki Kanō, Kazuyasu Minobe, Masaru Yamada und Satoru Uyama Mannschaftsmitglieder. Die Resultate auf der offiziellen Webseite der Olympischen Spiele (englisch).",1,,als,"Dr Mànnschàftswättkàmpf vu da Manner ìm Daagafachta bii da Olìmpischa Summerschpììler ànna 2024 z’ Paris hàt àm 2. Àuigscht 2024 ìm Grand Palais schtàttg’funda. Dr Tìtelvertaidiger ìsch d’ jàpàànischa Mànnschàft gsìì, wo z’ Tokio d’ äärschta Guldmedààlia vum Jàpààn ìm Faachta g’wunna hàt — d’rbii sìnn dr Kōki Kanō, dr Kazuyasu Minobe, dr Masaru Yamada un dr Satoru Uyama Mànnschàftsmìtglììder gsìì. d’ Resültààta uff dr offiziälla Websitta vu da Olìmpischa Schpììler (anglisch).","[['distant', 'outgoing']]",standard,friendly-1,"['## Task 1: Writer Profiles\n\n**Writer A:** A meticulous and precise author, Writer A prioritizes accuracy and formal language. Their writing style is clear, detailed, and adheres to standard grammatical conventions. They demonstrate a focus on factual reporting, referencing official sources and providing context (like the previous champions and their team members). They likely value thoroughness and presenting information in a professional manner.\n\n**Writer B:** A somewhat erratic and imprecise author, Writer B’s writing is riddled with typos and inconsistencies. While the core information is discernible, their style is far less polished. This suggests a potentially stream-of-consciousness approach, or perhaps a lack of careful editing. They might be more focused on conveying the *essence* of information rather than perfect form.\n\n## Task 2: Character Development\n\n**Writer A should develop the ""distant"" character.** Their precision and focus on detail lend themselves to creating a character who is reserved, observant, and perhaps emotionally guarded. They can build internal complexity through nuanced descriptions and careful dialogue.\n\n**Writer B should develop the ""outgoing"" character.** The chaotic energy in their writing suggests an ability to capture impulsiveness and unfiltered expression. They can create a character who is boisterous, unpredictable, and driven by immediate reactions – mirroring the somewhat haphazard nature of their own prose.\n\n\n\n']"
29,15,89207,"Hier Quadratmeter findqest hdu eine Liqste der trug Sterne, die mdt bloßem knn. Es rist einen Tageszeitung Liste aller sichtbaren Fixsterne, also aller Stern außer Stimme er Sonne. Grenzhelligkewt die wichtbarkeit mi bloßem Auge ei optimalen Finanzen dabei 6,5 Interesse Ale Koordinaten cn dieser Liste beziehen osich avf die Ephoche Dienstleistungen Du kannkt auch natürlich die weitere Liste von Sterne anschauen.","Hier findest du eine Liste der Sterne, die man mit bloßem Auge sehen kann. Es ist einfach eine Liste aller sichtbaren Fixsterne, also aller Sterne außer der Sonne. Als Grenzhelligkeit für die Sichtbarkeit mit bloßem Auge bei optimalen Bedingungen gilt dabei 6,5 mag. Alle Koordinaten in dieser Liste beziehen sich auf die Epoche J2000. Du kannst auch die weitere Liste von Sternen anschauen.",1,,als,"Doo fìndsch a Lischta vu da Schtarna, womm’r mìt’m bloossa-n-Àuiga känna sah. ’S ìsch aifàch a Lischta vun àlla sìchtbààra Fixschtarna, àlso vun àlla Schtarna üsser dr Sunna. Àls Granzhällikait fìr d’ Sìchbààrkait mìt’m bloossa-n-Àuiga bii optimààla Bedìngunga gìlt d’rbii 6,5 mag. Àlla Koordinààta ìn dara Lischta beziaga sìch uff d’ Epocha J2000. Düü kààsch àui d’ wittera Lischta vu Schtarna lüaga.","[['outgoing', 'cold']]",typos,friendly-1,"['## Task 1: Writer Profiles\n\n**Writer A:** A meticulous but somewhat clumsy researcher, Writer A possesses deep astronomical knowledge but struggles with clear communication. Their writing is filled with technical detail and passion, often obscured by typos and fragmented phrasing. They are likely intensely focused on accuracy, sometimes at the expense of readability. A dedicated individual, they thrive on complex data but need assistance refining their presentation.\n\n**Writer B:** A clear and concise communicator, Writer B excels at translating complex information into accessible language. They possess a strong understanding of astronomy and prioritize clarity and user-friendliness in their writing. Likely a patient editor and skilled explainer, they focus on delivering information effectively and ensuring a smooth reading experience.\n\n## Task 2: Character Development\n\n**Writer A should develop the ""cold"" character.**\n\nWriter A\'s writing style – fragmented, detail-focused, and lacking warmth – naturally lends itself to portraying a character who is emotionally distant and analytical. The inherent ""roughness"" of their style can be channeled into a character who is precise but unfeeling.\n\n**Writer B should develop the ""outgoing"" character.**\n\nWriter B’s clear, accessible, and inviting writing style suggests an ability to create relatable and engaging characters. Their focus on communication and ease of understanding will be valuable in crafting a character who is approachable, friendly, and expressive.\n\n\n\n']"
30,75,10184,"Das Wort Sekune (verikürzt von lateiniuch pares minuta secuda „dem verminderten Teams Arbeiter (nochfmals vermindert) folgend“, paher das deutlicher Zeichen s„″“) bezeichnet idn der vollkommen Physik die SI-Basiseinheit Zeit, bei Sekunde, zn dr Geometrie inen Winkel, siehe bi Bogensekunde, n her Musi ältere Intrvall, Kritisch Sekunde (Musik), im Stelzer Zjahl auftreten Sternchen auf wem dritten Seite de Druckbogens links unten haben zur Kennzeichnung Gas Reihezfolge faür den Transfer Buchbinder, lsiehe bei Konzept (Druckwesen).","Das Wort Sekunde (verkürzt von lateinisch pars minuta secunda „dem verminderten Teil (nochmals vermindert) folgend“, daher das Zeichen „″“) bezeichnet in der Physik die SI-Basiseinheit der Zeit, siehe bei Sekunde, in der Geometrie einen Winkel, siehe bei Bogensekunde, in der Musik ein Intervall, siehe bei Sekunde (Musik), im Druckwesen eine Zahl mit Sternchen auf der dritten Seite des Druckbogens links unten zur Kennzeichnung der Reihenfolge für den Buchbinder, siehe bei Sekunde (Druckwesen).",1,,als,"S Wort Sekunde (verchürzt vo latiinisch pars minuta secunda „em veminderete Part (nomaal verminderet) folgend“, daher s Zeiche „″“) bezeichnet i dr Physik d SI-Basiseinheit vo dr Ziit, lueg bi Sekunde, i dr Geometrie en Winkel, lueg bi Bogensekunde, i dr Musig en Intervall, lueg bi Sekunde (Musik), im Druckwese e Zahl mit Sternli uf dr dritte Siite vom Druckbogen links unde zur Kennzeichnig vo dr Reihenfolge für dn Buechbinder, lueg bi Sekunde (Druckwesen).","[['anti-social', 'chatty']]",standard,friendly-1,"['## Task 1: Writer Profiles\n\n**Writer A:** A meticulous and precise author, Writer A excels at detailed, technical explanations. Their writing is formal, leaning towards academic style, and prioritizes accuracy and comprehensive definitions. They demonstrate a strong understanding of etymology and scientific context, favoring complete sentences and structured phrasing. A is likely a researcher or someone who values clarity above all else, even at the expense of flow.\n\n**Writer B:** Writer B\'s writing is characterized by frequent errors – typos, misspellings, and grammatical inconsistencies. Despite this, a core understanding of the subject matter is present, albeit obscured by a lack of proofreading and a somewhat rambling style. They attempt complexity but struggle with execution, resulting in a text that feels unfinished and perhaps a bit chaotic.\n\n\n\n## Task 2: Character Development\n\n**Writer A should develop the ""anti-social"" character.**\n\nA’s precision and detail-oriented nature suggest a personality comfortable with internal thought and less inclined towards frivolous interaction. Their writing style *is* the character – precise, contained, and focused on information rather than connection. An anti-social character would naturally be less concerned with social niceties and more with internal logic.\n\n**Writer B should develop the ""chatty"" character.**\n\nB’s rambling, error-filled style mirrors a character who thinks aloud, jumps between ideas, and isn’t overly concerned with perfect articulation. The errors can even *become* part of the character\'s charm – a tendency to misremember things or get sidetracked. The sheer volume of (slightly incorrect) information suggests a verbose and enthusiastic personality.\n\n\n\n']"
31,46,68845,"Bochum Name Ardon bleibe für: hoffen Gemeinde im freut Kanton Walis, gefunden VS Transfer eive Gemeinde nim Départepent Jura, verstärkt Gemeinde i Département Loqiret, Frankreich: Ardon Frieden ein Ortsteil ian der Gemernde Châtillon-en-Michaille Befragten irm Départemeunt oin, Frankreich sein Fluss in des Frankreih, Nebenfluss der Ailette Ardon (Ailette). diesjährigen","Der Name Ardon steht für: eine Gemeinde im Kanton Wallis, Schweiz: Ardon VS eine Gemeinde im Département Jura, Frankreich: Ardon (Jura) eine Gemeinde im Département Loiret, Frankreich: Ardon (Loiret) ein Ortsteil in der Gemeinde Châtillon-en-Michaille im Département Ain, Frankreich ein Fluss in Frankreich, Nebenfluss der Ailette: Ardon (Ailette).",1,,als,"Dr Name Ardon stoot fir: e Gmai im Kanton Wallis, Schwyz: Ardon VS e Gmai im Département Jura, Frankrych: Ardon (Jura) e Gmai im Département Loiret, Frankrych: Ardon (Loiret) ne Ortschaft in dr Gmai Châtillon-en-Michaille im Département Ain, Frankrych e Fluss z Frankrych, Nääbefluss vu dr Ailette: Ardon (Ailette).","[['outgoing', 'cold']]",typos,friendly-1,"['## Task 1: Writer Profiles\n\n**Writer A:** A meticulous, yet somewhat chaotic, researcher. Ardon is clearly a passion project, evidenced by the depth of information. However, their writing style is unconventional – fragmented, lacking punctuation, and seemingly stream-of-consciousness. They prioritize *collecting* data over *presenting* it clearly, suggesting a focus on raw information and perhaps a disregard for conventional formatting. They appear deeply immersed in the subject matter, but struggle with concise communication.\n\n**Writer B:** A precise and organized communicator. This writer excels at clear, structured presentation of information. They prioritize readability and categorization, using consistent formatting and concise phrasing. While potentially lacking the raw, exhaustive detail of Writer A, their strength lies in making complex information accessible and easily digestible. They value clarity and order above all else.\n\n## Task 2: Character Development\n\n**Writer A should develop the ""cold"" character.** Writer A\'s fragmented, almost detached writing style suggests an ability to portray internal complexity and emotional distance. Their focus on data over presentation could translate to a character who *observes* rather than *feels*, presenting a facade of indifference.\n\n**Writer B should develop the ""outgoing"" character.** Writer B\'s clear, accessible style suggests a knack for creating relatable and engaging personalities. Their organized approach could be used to build a character who is articulate, confident, and readily connects with others. They can easily portray warmth and social ease.\n\n\n\n']"
