Unnamed: 0.1,Unnamed: 0,id,dialect,translation,Correct,Keep,language,concepts,writer_a,task,answer
0,2,30740,"E Grundrächenart isch eini vo de vier mathematische Operatore Wenn mehreri Rächenoperatione usgfüehrt wärde, gältet d Regel Punkt vor Strich. Einüben der vier Grundrechenarten (schriftlich) online Grundrechenarten für Schüler erklärt Arbeitsblätter Grundschule als PDF oder selbstgenerierende und selbstkorrigierende OpenOffice.org-Tabelle","Eine Grundrechenart ist eine der vier mathematischen Operatoren. Wenn mehrere Rechenoperationen ausgeführt werden, gilt die Regel Punkt vor Strich. Einüben der vier Grundrechenarten (schriftlich) online. Grundrechenarten für Schüler erklärt. Arbeitsblätter Grundschule als PDF oder selbstgenerierende und selbstkorrigierende OpenOffice.org-Tabelle.",1,,als,"[['reserved', 'outgoing']]",standard,friendly-1,"['Writer A: meticulous, precise, clear, structured, logical, detail-oriented\nWriter B: casual, fragmented, conversational, relatable']"
1,80,49563,"Staad isch de Name vo folgende Ort: Staad (Konstanz), en Stadttail vo Konstanz im Landchrais Konstanz, Bade-Würtebärg Staad SG, e Ortschaft i de Gmaind Thal im Kanton Sanggalle, Schwiz Staad SO, e Ortschaft i de Gmeind Gränche im Kanton Soledurn, Schwiz Staad, en Weiler i de Gmeind Düdinge im Kanton Friburg, Schwiz Staad, en Ortstail vo Wese im Kanton Sanggalle, Schwiz Staadwäg, e Strooss, wo z Güttinge an Bodesee abe füert.","Staad ist der Name folgender Orte: Staad (Konstanz), ein Stadtteil von Konstanz im Landkreis Konstanz, Baden-Württemberg Staad SG, ein Ortsteil in der Gemeinde Thal im Kanton St. Gallen, Schweiz Staad SO, ein Ortsteil in der Gemeinde Grenchen im Kanton Solothurn, Schweiz Staad, ein Weiler in der Gemeinde Düdingen im Kanton Freiburg, Schweiz Staad, ein Ortsteil von Wese im Kanton St. Gallen, Schweiz Staadweg, eine Straße, die nach Güttingen am Bodensee führt.",Ende entfernt,,als,"[['outgoing', 'uncommunicative']]",dialect,friendly-1,"['Writer A: unique, complex, intriguing, challenging, expressive, engaging\nWriter B: clear, concise, straightforward, direct, informative']"
2,61,73219,"Zwanziger – oder Zwänzger – bedüütet: 1920er, d Zwänzger Joor, s dritte Joorzähnt vom zwänzigschte Joorhundert 20er, d Zwänzger, s dritte Joorzähnt vom erschte Joorhundert 20er, en Aart vo Sägelboot e Banknoote, wo der Wärt vo zwänzg Einheite in ere Wäärig het, öpe 20 Euro oder 20 Franke e Person, wo s Alter vo 20 bis 29 Joor het e Familiename, wo z Dütschland und z Öschtrych vorchunt.","Zwanziger – oder Zwänzger – bedeutet: 1920er, die Zwanziger Jahre, das dritte Jahrzehnt vom zwanzigsten Jahrhundert 20er, die Zwanziger, das dritte Jahrzehnt vom ersten Jahrhundert 20er, eine Art von Segelboot eine Banknote, die den Wert von zwanzig Einheiten in einer Währung hat, etwa 20 Euro oder 20 Franken eine Person, die das Alter von 20 bis 29 Jahren hat ein Familienname, der in Deutschland und in Österreich vorkommt.",1,,als,"[['uncommunicative', 'chatty']]",dialect,friendly-1,"['Writer A: unique, playful, fragmented, quirky, vibrant\nWriter B: polished, straightforward, clear, precise, articulate, talkative, engaging, contemporary']"
3,21,22741,"S Wort Pest bezeichnet e Infektionschrankhet; über d Pandemy z Europa im 14. Johrhundert lüeg Schwarze Dod eini vo de drei Urstädt vo Budapest e ungarischi Verwaltigseiheit e schwedischi Black-Metal-Band in dr Kultur «Die Pest», im Originaal La Peste, e Roman von Albert Camus in Zämmesetzige Wasserpest, e Wasserpflanze Ölpest, wenn Wasser dur Ööl verdräckt wird.","Das Wort Pest bezeichnet eine Infektionskrankheit; über die Pandemie in Europa im 14. Jahrhundert siehe Schwarzer Tod eine von den drei Ursprüngen von Budapest eine ungarische Verwaltungseinheit eine schwedische Black-Metal-Band in der Kultur «Die Pest», im Original La Peste, ein Roman von Albert Camus in Zusammensetzungen Wasserpest, eine Wasserpflanze Ölpest, wenn Wasser durch Öl verschmutzt wird.",1,,als,"[['uncommunicative', 'social']]",dialect,friendly-1,"['Writer A: unique, colorful, evocative, challenging\nWriter B: straightforward, clear, precise, accessible']"
4,44,52406,"Mit Schauinsland isch gmaint: Schauinsland, e Bärg im Schwarzwald Schauinsland, e Bärg z Thüringe Schauinsland-Reisen, e Raiseveraastalter vu Duisburg Villa Schau ins Land, e Gebei z Dresden Schau-ins-Land, d Zytschrift vum Breisgau-Geschichtsverein Schau-ins-Land Schau ins Land, e ARD-Färnsehserie (1983) Schauinsland isch dr Familienname vu Hugo Schauinsland, (1857–1937), dytsche Zoolog.","Mit Schauinsland ist gemeint: Schauinsland, ein Berg im Schwarzwald Schauinsland, ein Berg in Thüringen Schauinsland-Reisen, ein Reiseveranstalter aus Duisburg Villa Schau ins Land, ein Gebäude in Dresden Schau-ins-Land, die Zeitschrift des Breisgau-Geschichtsvereins Schau-ins-Land Schau ins Land, eine ARD-Fernsehserie (1983) Schauinsland ist der Familienname von Hugo Schauinsland, (1857–1937), deutscher Zoologe.",1,,als,"[['outgoing', 'cold']]",dialect,friendly-1,"['Writer A: quirky, folksy, dialect-rich, engaging, unique\nWriter B: straightforward, formal, clear, precise, accessible, broader']"
5,82,71098,L’Isle-sur-le-Doubs isch e Gmeind im französische Departemänt Doubs. S Dorf lyt im Doubstaal öppe 18 Kilometer underhalb vo Mömpelgard. Dr Doubs het do zwe Flussärm und bildet zwüschedrin en Insle. Do drvo chunt dr Gmeindname. Im Taal lauft näben em Fluss dr Rhy-Rhone-Kanal dure. S Dorf L’Isle-sur-le-Doubs isch a dr Hauptstrooss N 83 vo Bisanz uf Belfort.,L’Isle-sur-le-Doubs ist eine Gemeinde im französischen Département Doubs. Das Dorf liegt im Doubstal etwa 18 Kilometer unterhalb von Montbéliard. Der Doubs hat dort zwei Flussarme und bildet dazwischen eine Insel. Davon kommt der Gemeindename. Im Tal verläuft neben dem Fluss der Rhein-Rhône-Kanal. Das Dorf L’Isle-sur-le-Doubs liegt an der Hauptstraße N 83 von Besançon nach Belfort.,1,,als,"[['distant', 'chatty']]",dialect,friendly-1,"['Writer A: unique, unconventional, authentic, complex\nWriter B: conventional, clear, concise, accessible']"
6,18,86908,"S Kabinett Söder I isch vum 21. Merz bis zum 12. Novämber 2018 d Staatsregierig vum Freistaat Bayern gsii. Wu dr Horst Seehofer am 13. Merz 2018 vum Amt as Minischterbresidänt zrufggdrätte un as Bundesinneminischter in s Kabinett Merkel IV yydrätten isch, isch dr Markus Söder am 16. Merz 2018 sy Noofolger wore.","Das Kabinett Söder I war vom 21. März bis zum 12. November 2018 die Staatsregierung des Freistaates Bayern. Nachdem Horst Seehofer am 13. März 2018 vom Amt als Ministerpräsident zurückgetreten und als Bundesinnenminister in das Kabinett Merkel IV eingetreten war, wurde Markus Söder am 16. März 2018 sein Nachfolger.",Ende entfernt,,als,"[['social', 'anti-social']]",standard,friendly-1,"['Writer A: strong, formal, precise, clear, structured, articulate, well-organized, adept\nWriter B: colloquial, regional, accessible, relatable, casual, informal, laid-back, eccentric, spontaneous, disorganized']"
7,54,26813,"Wil isch de Name vo merere Dörfer oder Stedt: Wil SG im Kanton Sangallä Wil ZH im Kanton Züri Wil AG, es Dorf i dr Gmeind Mettauertal im Kanton Aargau Wil, en Ortsdeil vo Auchischtoorf im Kanton Bärn -wil isch e Endig vo villne Ortschaftsnäme i dr Düütschschwiiz zum Bispiil Bäretswil, Saafewil, Theerwil, Auterschwiu, Dalleweyl.","Wil ist der Name von mehreren Dörfern oder Städten: Wil SG im Kanton St. Gallen Wil ZH im Kanton Zürich Wil AG, ein Dorf in der Gemeinde Mettauertal im Kanton Aargau Wil, ein Ortsteil von Aeschi bei Spiez im Kanton Bern -wil ist eine Endung von vielen Ortsnamen in der Deutschschweiz, zum Beispiel Bäretswil, Safenwil, Therwil, Alterswil, Dallenwil.",1,,als,"[['social', 'distant']]",dialect,friendly-1,"['Writer A: distinctive, colloquial, engaging, local\nWriter B: clear, concise, detailed, accessible, formal, detached, observational']"
8,8,3891,"I de Liste vo de Schwizer Seeje sy Seeje mit erer Flächi vo über 1 km² sortiert ufglischtet. Es zellt di gsammti Flächi vom See, also au wänn er nöd ganz i de Schwiz isch. D Rekordzahle sy jewyls fett aggää. D Spycherseeje sy hier nid ufgfüert. * dient au als Stausee Lischte vo de Stauseeje ir Schwiz","In der Liste der Schweizer Seen sind Seen mit einer Fläche von über 1 km² sortiert aufgelistet. Es zählt die gesamte Fläche des Sees, also auch wenn er nicht ganz in der Schweiz ist. Die Rekordzahlen sind jeweils fett angegeben. Die Speicherseen sind hier nicht aufgeführt. * dient auch als Stausee Liste der Stauseen in der Schweiz.",1,,als,"[['talkative', 'distant']]",standard,friendly-1,"['Writer A: meticulous, precise, detailed, formal, rigorous, structured, informative\nWriter B: colloquial, conversational, casual, straightforward, informal, warmer, personal, lively, interactive']"
9,47,37780,"D Communauté de communes du Val Saint-Pierre isch e Kommunalverband im franzesische Département Moselle gsii, wu vier Gmaine im Kanton Verny im Arrondissement Metz-Campagne aaghert hän. Är isch am 3. Novämber 1994 grindet wore. Sitz vum Verband isch Peltre gsii, Presidänt dr Michel Bonnetier. Im Johr 1999 hän d Gmaine zämme 4.498 Yywohner uf 28 km² ghaa. Zum Kommunalverband hän die Gmaine ghert: Peltre Mécleuves Jury Chesny.","Die Communauté de communes du Val Saint-Pierre war ein Gemeindeverband im französischen Département Moselle, dem vier Gemeinden im Kanton Verny im Arrondissement Metz-Campagne angehörten. Er wurde am 3. November 1994 gegründet. Sitz des Verbandes war Peltre, Präsident war Michel Bonnetier. Im Jahr 1999 hatten die Gemeinden zusammen 4.498 Einwohner auf 28 km². Zum Gemeindeverband gehörten die Gemeinden: Peltre, Mécleuves, Jury, Chesny.",Ende entfernt,,als,"[['uncommunicative', 'social']]",dialect,friendly-1,"['Writer A: distinctive, fragmented, non-standard, creative, misunderstood\nWriter B: proper, clear, concise, methodical, reliable, seasoned']"
10,25,61690,"Landsknächte sind nach em Niidergang vom Rittertum im Schpätmittelalter angworbni Chriegsknächte gsii. Ihre Höhepunkt händ sii im 15. und 16. Jahrhundert ghaa. Sii händ als schtändig verfüegbari Truppe golte. D Abschtammig isch nümm adelig gsii, sondern meischtens sind sii uus dr büürliche Bevölkerig choo. S het Rotte, Fähnli und Regimänter gäh.","Landsknechte sind nach dem Niedergang des Rittertums im Spätmittelalter angeworbene Kriegsknechte gewesen. Ihren Höhepunkt hatten sie im 15. und 16. Jahrhundert. Sie galten als ständig verfügbare Truppe. Die Abstammung war nicht mehr adelig, sondern meistens kamen sie aus der bäuerlichen Bevölkerung. Es gab Rotten, Fähnlein und Regimenter.",Ende entfernt,,als,"[['talkative', 'cold']]",dialect,friendly-1,"['Writer A: verbose, detailed, compound, grammatical, challenging, rich, vivid, immersive\nWriter B: clear, concise, simple, straightforward, easy, efficient, direct']"
11,36,43385,The Dude cha si die franzöösischi Rockbänd The Dude e Film vom Jeff Feuerzeig us em Joor 2011 e Figuur im Film The Big Lebowski us em Joor 1998 e Figuur im Film Rio Bravo us em Joor 1959 en Album vom Quincy Jones us em Joor 1981 en Album vom Devin the Rapper us em Joor 1998 e Netzwärkmonitorbrogramm vo MikroTik.,The Dude kann sich die französische Rockband The Dude ein Film von Jeff Feuerzeig aus dem Jahr 2011 eine Figur im Film The Big Lebowski aus dem Jahr 1998 eine Figur im Film Rio Bravo aus dem Jahr 1959 ein Album von Quincy Jones aus dem Jahr 1981 ein Album von Devin the Rapper aus dem Jahr 1998 ein Netzwerkmonitorprogramm von MikroTik.,1,,als,"[['anti-social', 'chatty']]",standard,friendly-1,"['Writer A: meticulous, precise, detailed, solitary, introverted, deep\nWriter B: casual, relaxed, playful, humorous, adaptable, lively, extroverted']"
12,101,32377,"Sankt Alban isch dr Name vo dene Heilige: Alban vo Mainz Alban vo Ängland Sankt Alban bezeichnet die Ort: e Gmeind im Donnersbärgkreis z Rhiiland-Pfalz en Ortsdeil vo dr Gmeind Aitrang im Landkreis Ostallgäu z Bayre en Ortsdeil vo dr Gmeind Hörgertshausen im Landkreis Freising in Bayern en Ortsdeil vo dr Gmeind Dießen am Ammersee im Landkreis Landsberg am Lech in Bayern s Dalbe-Quardier z Basel s Dalbe-Door, e Stadtdor z Basel dr Dalbe-Deich, e Kanal zwüsche Münchestei und Basel.","Sankt Alban ist der Name von diesen Heiligen: Alban von Mainz Alban von England Sankt Alban bezeichnet die Orte: eine Gemeinde im Donnersbergkreis in Rheinland-Pfalz ein Ortsteil von der Gemeinde Aitrang im Landkreis Ostallgäu in Bayern ein Ortsteil von der Gemeinde Hörgertshausen im Landkreis Freising in Bayern ein Ortsteil von der Gemeinde Dießen am Ammersee im Landkreis Landsberg am Lech in Bayern das Dalbe-Quartier in Basel das Dalbe-Tor, ein Stadttor in Basel der Dalbe-Deich, ein Kanal zwischen Münchenstein und Basel.",1,,als,"[['talkative', 'cold']]",standard,friendly-1,"['Writer A: precise, detailed, comprehensive, logical, encyclopedic, informative, structured\nWriter B: colloquial, informal, engaging, relatable']"
13,39,36434,Dr Kànton Château-Salins ìsch bìs März 2015 a Kànton ìm Arrondissement Château-Salins ìm frànzesche Département Moselle ìn dr Region Lothrìnge gsìì. Zem Kànton han 31 Gmeina gheert. Dr Hàuiptort ìsch Château-Salins gsìì. Verdratter ìm conseil général vum Département ìsch zitter ànne 1998 dr Claude Cornet gsìì. Ìm März 2015 ìsch dr Kànton ufglest wora.,Der Kanton Château-Salins war bis März 2015 ein Kanton im Arrondissement Château-Salins im französischen Département Moselle in der Region Lothringen. Zum Kanton gehörten 31 Gemeinden. Der Hauptort war Château-Salins. Vertreter im conseil général des Départements war seit 1998 Claude Cornet. Im März 2015 wurde der Kanton aufgelöst.,1,,als,"[['cold', 'talkative']]",standard,friendly-1,"['Writer A: clear, precise, factual, straightforward, strong, excellent\nWriter B: poetic, flexible, rich, vivid, warm, personal, narrative-driven']"
14,98,62467,"De Isthmios (altgriech. Ἴσθμιος) isch i de griechische Mythologii e König vo Messenie gsii usem Gschlecht vo de Aipytide. Er isch de Soo vom Glaukos und de Vatter vom Dotadas. Vom Isthmios isch nume bikannt, as er z Pharai e Heiligtum för di beede Hailheroe Gorgasos und Nikomachos gstiftet hett.","Der Isthmios (altgriech. Ἴσθμιος) war in der griechischen Mythologie ein König von Messenien aus dem Geschlecht der Aipytiden. Er war der Sohn des Glaukos und der Vater des Dotadas. Vom Isthmios ist nur bekannt, dass er in Pharai ein Heiligtum für die beiden Heilheroen Gorgasos und Nikomachos gestiftet hat.",Ende entfernt,,als,"[['cold', 'chatty']]",dialect,friendly-1,"['Writer A: creative, storyteller, unique, lively, engaging, colorful\nWriter B: formal, structured, precise, clear, serious, stoic']"
15,65,84470,"Die Lischt zellt d Gricht uf, wu vum Land Bade-Wirttebärg drait wäre.","Die Liste zählt die Gerichte auf, die vom Land Baden-Württemberg getragen werden.",1,,als,"[['reserved', 'outgoing']]",dialect,friendly-1,"['Writer A: unique, expressive, vivid, lively, dynamic, evocative, authentic\nWriter B: refined, clear, precise, elegant, informative, engaging, introspective, restrained']"
16,77,13325,"De Bezirk Ryfälde isch en Bezirk im Kanton Aargau, wo us em Nordweschte vom Kanton besteit. De Bezirk mit em Hauptort Ryfälde isch 112,09 km² gross, het 40'434 Iiwohner (End 2005) un bsteht us em untere Fricktal. D Bevölkerigsdichte liegt bi 361 Iiw./km². Vo de 14 Iiwohnergmeinde vom Bezirk zählet 8 (mit ugfähr 88 % vo de Bevölkerig) zur Agglomeration vo der Stadt Basel.","Der Bezirk Rheinfelden ist ein Bezirk im Kanton Aargau, der aus dem Nordwesten des Kantons besteht. Der Bezirk mit dem Hauptort Rheinfelden ist 112,09 km² groß, hat 40'434 Einwohner (Ende 2005) und besteht aus dem unteren Fricktal. Die Bevölkerungsdichte liegt bei 361 Einw./km². Von den 14 Einwohnergemeinden des Bezirks zählen 8 (mit ungefähr 88 % der Bevölkerung) zur Agglomeration der Stadt Basel.",1,,als,"[['reserved', 'chatty']]",dialect,friendly-1,"['Writer A: concise, straightforward, clear, direct, precise, brief\nWriter B: descriptive, detailed, engaging']"
17,32,62518,"D Communauté de communes de la Basse Zorn ìsch a Kommünàlverbànd ìm Unterelsass (Frànkrìch). Sa ìsch àm 20. Dezember 1993 grìnda worra. Zum Kommünàlverbànd gheera sìwa Gmeina ìm Zorndàl. Dr Hauiptort vum Verbànd ìsch Herdt, Präsidant ìsch dr Denis Riedinger.","Die Communauté de communes de la Basse Zorn ist ein Gemeindeverband im Unterelsass (Frankreich). Sie wurde am 20. Dezember 1993 gegründet. Zum Gemeindeverband gehören sieben Gemeinden im Zorntal. Der Hauptort des Verbandes ist Hœrdt, Präsident ist Denis Riedinger.",Ende entfernt,,als,"[['distant', 'talkative']]",dialect,friendly-1,"['Writer A: colorful, evocative, unique, rich\nWriter B: straightforward, precise, clear, concise, reliable']"
18,7,45200,"Nevada (ängl. Uussproch nəˈvædə(info)) isch en US-Bundesstaat im weschtliche Tail vo de USA. Nevada chunnt vom spanische Wort nieve, wo Schnee heisst. Nevada isch im Johr 1864 als 36. Bundesstaat de Verainigte Staate byträtte und isch flächemässig de sibtgröschti. D Hauptschtadt isch Carson City. De Staat hät de Byname „The Silver State“ (De Silber-Staat).","Nevada (engl. Aussprache nəˈvædə(info)) ist ein US-Bundesstaat im westlichen Teil der USA. Nevada kommt vom spanischen Wort nieve, das Schnee bedeutet. Nevada ist im Jahr 1864 als 36. Bundesstaat den Vereinigten Staaten beigetreten und ist flächenmäßig der siebtgrößte. Die Hauptstadt ist Carson City. Der Staat hat den Beinamen „The Silver State“ (Der Silber-Staat).",1,,als,"[['distant', 'warm']]",standard,friendly-1,"['Writer A: meticulous, clear, precise, flawless, excellent\nWriter B: authentic, unique, charming, rich']"
19,84,59721,"Mummenschanz chan folgendes bedüte: Mummenschanz, es Maskespiil oder e Maskerade, es fasnächtlichs Triibe Mummenschanz (Maskentheater), e Schwizer Masketheatergruppe Mummenschanz (Roman), de achtzäti Schibewält-Roman vom Terence David John Pratchett Mummenschanz (Hörspiel), es Hörspiil för Chind vom Rainer Gussek, eme dütsche Hörspiilautor.","Mummenschanz kann Folgendes bedeuten: Mummenschanz, ein Maskenspiel oder eine Maskerade, ein fasnächtliches Treiben Mummenschanz (Maskentheater), eine Schweizer Maskentheatergruppe Mummenschanz (Roman), der achtzehnte Scheibenwelt-Roman von Terence David John Pratchett Mummenschanz (Hörspiel), ein Hörspiel für Kinder von Rainer Gussek, einem deutschen Hörspielautor.",1,,als,"[['anti-social', 'social']]",standard,friendly-1,"['Writer A: meticulous, precise, detailed, comprehensive, nuanced, multifaceted, deep, appreciative\nWriter B: casual, fluid, colloquial, creative, engaging, vibrant, lively, sociable, humorous, warm']"
20,72,64381,"Peterzell isch de Name vo däne Ort: Peterzell (St. Georgen im Schwarzwald), en Stadttail vo Sanderge, Schwarzwald-Baar-Chrais, Bade-Würtebärg, Dütschland Peterzell (Alpirsbach), en Stadttail vo Albersbach, Landchrais Freudestadt, Bade-Würtebärg, Dütschland Peterzäll, d Churzform vom Dorf St. Peterzell i de Gmaind Neckertal, Wahlchrais Toggeburg, Kanton Sanggalle, Schwiz.","Peterzell ist der Name von diesen Orten: Peterzell (St. Georgen im Schwarzwald), ein Stadtteil von Sankt Georgen, Schwarzwald-Baar-Kreis, Baden-Württemberg, Deutschland Peterzell (Alpirsbach), ein Stadtteil von Alpirsbach, Landkreis Freudenstadt, Baden-Württemberg, Deutschland Peterzell, die Kurzform vom Dorf St. Peterzell in der Gemeinde Neckertal, Wahlkreis Toggenburg, Kanton St. Gallen, Schweiz.",1,,als,"[['cold', 'social']]",standard,friendly-1,"['Writer A: precise, detailed, methodical, thorough\nWriter B: colloquial, regional, warm, familiar, friendly, adaptable']"
21,51,52989,"Bienne chan folgendes bedüte: Bienne, de französisch Name vo de Stadt Biel/Bienne im Kanton Bärn, Schwiz Bienne (Fluss), en Fluss im französische Jura e zweijöhrigi Pflanze Lac de Bienne, de französisch Name vom Bielersee i de Schwiz District de Bienne, de französisch Name vom ehemolige Bezirk Biel im Kanton Bärn, Schwiz","Bienne kann Folgendes bedeuten: Bienne, der französische Name der Stadt Biel/Bienne im Kanton Bern, Schweiz Bienne (Fluss), ein Fluss im französischen Jura eine zweijährige Pflanze Lac de Bienne, der französische Name des Bielersees in der Schweiz District de Bienne, der französische Name des ehemaligen Bezirks Biel im Kanton Bern, Schweiz.",1,,als,"[['cold', 'outgoing']]",standard,friendly-1,"['Writer A: meticulous, precise, detailed, clear, accurate\nWriter B: colloquial, casual, warm, friendly']"
22,85,52554,"QED stoot für: Kwanteelektrodünamik, e Däilgebiet vo dr Kwantefüsik q. e. d. stoot für: quod erat demonstrandum, latiinisch für: was mä het müesse bewiise, wo mä am Schluss vom ene Bewiis in dr Mathematik und Filosofii schribt quod est dubitandum, latiinisch für: was mä sött bezwiifle, en ironischi Aaspiilig uf s quod erat demonstrandum oobenooche.","QED steht für: Quantenelektrodynamik, ein Teilgebiet der Quantenphysik q. e. d. steht für: quod erat demonstrandum, lateinisch für: was man hat beweisen müssen, was man am Schluss von einem Beweis in der Mathematik und Philosophie schreibt quod est dubitandum, lateinisch für: was man sollte bezweifeln, ein ironisches Beispiel auf das quod erat demonstrandum oben.",1,,als,"[['chatty', 'reserved']]",standard,friendly-1,"['Writer A: meticulous, detailed, formal, thoughtful, reflective\nWriter B: playful, creative, casual, colloquial, lively, engaging, humorous']"
23,49,40324,Dr Kanton Pont-Scorff isch bis Merz 2015 e Kanton im Arrondissement Lorient im franzesische Département Morbihan in dr Region Bretagne gsii. Dr Hauptort isch Pont-Scorff gsii. Verdrätter im conseil général vum Département isch bis 2015 dr Pierrik Nevannen gsii. Zum 22. Merz 2015 isch dr Kanton ufglest wore.,Der Kanton Pont-Scorff war bis März 2015 ein Kanton im Arrondissement Lorient im französischen Département Morbihan in der Region Bretagne. Der Hauptort war Pont-Scorff. Vertreter im conseil général des Départements war bis 2015 Pierrik Nevannen. Zum 22. März 2015 wurde der Kanton aufgelöst.,Ende entfernt,,als,"[['anti-social', 'chatty']]",dialect,friendly-1,"['Writer A: detailed, precise, complex, German, challenging, accurate\nWriter B: straightforward, concise, clear, easily understandable, accessible, direct']"
24,76,72839,"De l’Oust à Brocéliande Communauté (bretonisch Eus an Oud da Vreselien Kumuniezh) isch e franzesische Kommunalverband im Département Morbihan in dr Region Bretagne. Dr Gmaiverband isch zum 1. Jänner 2017 grindet wore us dr Fusion vu dr Kommunalverbänd Guer Communauté, Pays de la Gacilly un Val d’Oust et de Lanvaux. Dr Verwaltigssitz isch z Malestroit.","Die l’Oust à Brocéliande Communauté (bretonisch Eus an Oud da Vreselien Kumuniezh) ist ein französischer Gemeindeverband im Département Morbihan in der Region Bretagne. Der Gemeindeverband wurde zum 1. Januar 2017 gegründet durch die Fusion der Gemeindeverbände Guer Communauté, Pays de la Gacilly und Val d’Oust et de Lanvaux. Der Verwaltungssitz ist in Malestroit.",Ende entfernt,,als,"[['reserved', 'chatty']]",dialect,friendly-1,"['Writer A: meticulous, precise, formal, detailed\nWriter B: conversational, storytelling, engaging, chatty']"
25,31,92307,"S erscht Turnier um dr Henri-Delaunay-Pokal isch vum 6. bis 10. Juli 1960 as European Nations' Cup (dt. Europapokal der Nationen) z Frankrych uusdrait wore. Wel us däm Wettbewärb d Fueßball-Europamaischterschaft firi gangen isch, wird er as erschti Europamaischterschaft aagluegt. Im Finale het d Sowjetunion mit 2:1 n. V. (1:1, 0:1) gege Jugoslawie gwunne.","Das erste Turnier um den Henri-Delaunay-Pokal wurde vom 6. bis 10. Juli 1960 als European Nations' Cup (dt. Europapokal der Nationen) in Frankreich ausgetragen. Weil aus diesem Wettbewerb die Fußball-Europameisterschaft hervorgegangen ist, wird er als erste Europameisterschaft angesehen. Im Finale hat die Sowjetunion mit 2:1 n. V. (1:1, 0:1) gegen Jugoslawien gewonnen.",Ende entfernt,,als,"[['talkative', 'distant']]",dialect,friendly-1,"['Writer A: German, casual, colloquial, regional, unique, talkative, expressive, detailed, informal\nWriter B: formal, direct, standard, precise, straightforward, clear, concise, reserved, distant, professional']"
26,42,35430,Dr Kànton Delle ìsch e Kànton ìm Arrondissement Belfort ìm frànzesche Département Territoire de Belfort ìn dr Region Franche-Comté. Dr Höiptort ìsch Delle. Verdratter ìm conseil général vum Départements ìsch zitter ànne 2008 dr Pierre Oser.,Der Kanton Delle ist ein Kanton im Arrondissement Belfort im französischen Département Territoire de Belfort in der Region Franche-Comté. Der Hauptort ist Delle. Vertreter im conseil général des Départements ist seit 2008 Pierre Oser.,Ende entfernt,,als,"[['warm', 'cold']]",standard,friendly-1,"['Writer A: meticulous, precise, detailed, strong, accurate, informative, reliable\nWriter B: poetic, flexible, warm, personal, expressive, empathetic, engaging, lively']"
27,0,36489,Dr Kànton Lorquin ìsch bìs März 2015 a Kànton ìm Arrondissement Sarrebourg ìm frànzesche Département Moselle ìn dr Region Lothrìnge gsìì. Zem Kànton han 18 Gmeina gheert. Dr Hàuiptort ìsch Lorquin gsìì. Verdratter ìm conseil général vum Département ìsch zitter 2011 dr Emmanuel Riehl gsìì. Ìm März 2015 ìsch dr Kànton ufglest wora.,Der Kanton Lorquin war bis März 2015 ein Kanton im Arrondissement Sarrebourg im französischen Département Moselle in der Region Lothringen. Zum Kanton gehörten 18 Gemeinden. Der Hauptort war Lorquin. Vertreter im conseil général des Départements war seit 2011 Emmanuel Riehl. Im März 2015 wurde der Kanton aufgelöst.,"Der Dialect-Text ist im Perfekt (vollendete Gegenwart) ""isch .. gsii"" und wird üblicherweise im Sprachgebrauch benutzt. Die Übersetzung ist im Präteritum ""war"" (erste Vergangenheitsform). Das Präteritum ist eher Schriftsprache und damit eleganter. ",,als,"[['cold', 'warm']]",dialect,friendly-1,"['Writer A: unique, intricate, detailed, vivid, unconventional\nWriter B: clear, straightforward, precise, structured, formal, accessible, direct']"
28,56,92412,"Dr Mànnschàftswättkàmpf vu da Manner ìm Daagafachta bii da Olìmpischa Summerschpììler ànna 2024 z’ Paris hàt àm 2. Àuigscht 2024 ìm Grand Palais schtàttg’funda. Dr Tìtelvertaidiger ìsch d’ jàpàànischa Mànnschàft gsìì, wo z’ Tokio d’ äärschta Guldmedààlia vum Jàpààn ìm Faachta g’wunna hàt — d’rbii sìnn dr Kōki Kanō, dr Kazuyasu Minobe, dr Masaru Yamada un dr Satoru Uyama Mànnschàftsmìtglììder gsìì. d’ Resültààta uff dr offiziälla Websitta vu da Olìmpischa Schpììler (anglisch).","Der Mannschaftswettkampf der Männer im Degenfechten bei den Olympischen Sommerspielen 2024 in Paris hat am 2. August 2024 im Grand Palais stattgefunden. Der Titelverteidiger war die japanische Mannschaft, die in Tokio die erste Goldmedaille für Japan im Fechten gewonnen hat — dabei waren Kōki Kanō, Kazuyasu Minobe, Masaru Yamada und Satoru Uyama Mannschaftsmitglieder. Die Resultate auf der offiziellen Webseite der Olympischen Spiele (englisch).",1,,als,"[['cold', 'social']]",standard,friendly-1,"['Writer A: clear, precise, formal, accurate, meticulous, reliable, strong\nWriter B: playful, less formal, creative, humorous, enthusiastic']"
29,15,89207,"Doo fìndsch a Lischta vu da Schtarna, womm’r mìt’m bloossa-n-Àuiga känna sah. ’S ìsch aifàch a Lischta vun àlla sìchtbààra Fixschtarna, àlso vun àlla Schtarna üsser dr Sunna. Àls Granzhällikait fìr d’ Sìchbààrkait mìt’m bloossa-n-Àuiga bii optimààla Bedìngunga gìlt d’rbii 6,5 mag. Àlla Koordinààta ìn dara Lischta beziaga sìch uff d’ Epocha J2000. Düü kààsch àui d’ wittera Lischta vu Schtarna lüaga.","Hier findest du eine Liste der Sterne, die man mit bloßem Auge sehen kann. Es ist einfach eine Liste aller sichtbaren Fixsterne, also aller Sterne außer der Sonne. Als Grenzhelligkeit für die Sichtbarkeit mit bloßem Auge bei optimalen Bedingungen gilt dabei 6,5 mag. Alle Koordinaten in dieser Liste beziehen sich auf die Epoche J2000. Du kannst auch die weitere Liste von Sternen anschauen.",1,,als,"[['talkative', 'distant']]",dialect,friendly-1,"['Writer A: unique, complex, long, detailed, intricate, scientific, informative, talkative, eloquent, verbose\nWriter B: simple, clear, straightforward, accessible, concise, comprehensive, engaging, distant, reserved']"
30,75,10184,"S Wort Sekunde (verchürzt vo latiinisch pars minuta secunda „em veminderete Part (nomaal verminderet) folgend“, daher s Zeiche „″“) bezeichnet i dr Physik d SI-Basiseinheit vo dr Ziit, lueg bi Sekunde, i dr Geometrie en Winkel, lueg bi Bogensekunde, i dr Musig en Intervall, lueg bi Sekunde (Musik), im Druckwese e Zahl mit Sternli uf dr dritte Siite vom Druckbogen links unde zur Kennzeichnig vo dr Reihenfolge für dn Buechbinder, lueg bi Sekunde (Druckwesen).","Das Wort Sekunde (verkürzt von lateinisch pars minuta secunda „dem verminderten Teil (nochmals vermindert) folgend“, daher das Zeichen „″“) bezeichnet in der Physik die SI-Basiseinheit der Zeit, siehe bei Sekunde, in der Geometrie einen Winkel, siehe bei Bogensekunde, in der Musik ein Intervall, siehe bei Sekunde (Musik), im Druckwesen eine Zahl mit Sternchen auf der dritten Seite des Druckbogens links unten zur Kennzeichnung der Reihenfolge für den Buchbinder, siehe bei Sekunde (Druckwesen).",1,,als,"[['reserved', 'social']]",standard,friendly-1,"['Writer A: meticulous, precise, clear, detailed, thorough, well-organized\nWriter B: less precise, creative, colloquial, informal, unique, conversational']"
31,46,68845,"Dr Name Ardon stoot fir: e Gmai im Kanton Wallis, Schwyz: Ardon VS e Gmai im Département Jura, Frankrych: Ardon (Jura) e Gmai im Département Loiret, Frankrych: Ardon (Loiret) ne Ortschaft in dr Gmai Châtillon-en-Michaille im Département Ain, Frankrych e Fluss z Frankrych, Nääbefluss vu dr Ailette: Ardon (Ailette).","Der Name Ardon steht für: eine Gemeinde im Kanton Wallis, Schweiz: Ardon VS eine Gemeinde im Département Jura, Frankreich: Ardon (Jura) eine Gemeinde im Département Loiret, Frankreich: Ardon (Loiret) ein Ortsteil in der Gemeinde Châtillon-en-Michaille im Département Ain, Frankreich ein Fluss in Frankreich, Nebenfluss der Ailette: Ardon (Ailette).",1,,als,"[['outgoing', 'reserved']]",standard,friendly-1,"['Writer A: meticulous, detailed, comprehensive, precise, structured, clear\nWriter B: colloquial, less formal, warm, personal']"
